"id","parent_id","severity","product_area","title","description","current_status","source_routes","source_screens","journeys","reproduction_steps","observed_result","expected_governing_result","evidence_ids","root_cause_hypothesis","canonical_owner","integration_owner","target_phase","acceptance_contract","test_ids","security_or_privacy_impact","mobile_impact","accessibility_impact","dependencies","disposition","notes"
"HP-NC-001","","HIGH","Gateway","Gateway lacks persistent account control","No account control exists on the gateway.","CLOSED","/","screen-page-root","HP-P2-JRN-A;HP-P2-JRN-B;HP-P2-JRN-D;HP-P2-JRN-E;HP-P2-JRN-F;HP-P2-JRN-G;HP-P2-JRN-J;HP-P2-JRN-K;HP-P2-JRN-L;HP-P2-JRN-M;HP-P2-JRN-R;HP-P2-JRN-S;HP-P2-JRN-T","Open / and inspect visible controls.","Phase 2 shell, navigation, parity, and browser contracts passed with checksum-bound synthetic evidence.","Persistent account control is available on every global surface.","HP-P2-EV-A-gateway-anonymous-desktop;HP-P2-EV-B-gateway-authenticated-desktop;HP-P2-EV-C-gateway-anonymous-mobile;HP-P2-EV-D-gateway-authenticated-mobile;HP-P2-EV-G-global-nav-public;HP-P2-EV-H-player-navigation;HP-P2-EV-I-captain-navigation;HP-P2-EV-J-creator-navigation;HP-P2-EV-P-context-unavailable;HP-P2-EV-Q-zoom-gateway;HP-P2-EV-S-reduced-motion","Gateway bypasses ProductShell.","true-north","project-homeport","PHASE_2","Gateway account control is visible and keyboard/mobile operable.","homeport.shell.mode-cardinality;homeport.shell.global-navigation;homeport.shell.route-lifecycle","low","high","moderate","Phase 1 account context","CLOSED_PHASE_2_VALIDATED","Phase 2 prior status was CONFIRMED. Historical evidence remains preserved."
"HP-NC-002","","HIGH","Authentication","Multiple visible sign-in products remain","Generic, Player, Captain, and Studio sign-in surfaces are visibly distinct.","CLOSED","/sign-in;/player/sign-in;/captain/sign-in;/studio/sign-in","auth surfaces","HP-P1-JRN-A;HP-P1-JRN-D;HP-P1-JRN-E","Follow gateway and anonymous account paths.","Phase 1 canonical AccountSession and current-user context behavior passed the linked focused and browser acceptance evidence.","One canonical account lifecycle with contextual intent.","HP-P1-EV-A-sign-in-desktop;HP-P1-EV-F-workspace-continuity","Legacy role-specific entry surfaces remain product-facing.","wayfarer","project-homeport","PHASE_1","All entry intents converge on canonical identity without contradictory sessions.","homeport.auth.single-product","high","moderate","moderate","Session convergence","CLOSED_PHASE_1_VALIDATED","Phase 0 status was CONFIRMED. Historical evidence remains unchanged."
"HP-NC-003","","HIGH","Authentication","Account creation is not a clear primary action","No visible Create Account action exists on gateway, anonymous account menu, or generic sign-in.","CLOSED","/;/tales;/sign-in;/register","gateway;anonymous menu;register","HP-P1-JRN-A;HP-P1-JRN-B","Start at / and use visible controls.","Phase 1 canonical AccountSession and current-user context behavior passed the linked focused and browser acceptance evidence.","Create Account is a clear primary action.","HP-P1-EV-A-sign-in-desktop;HP-P1-EV-B-registration-return","Registration route is orphaned.","wayfarer","project-homeport","PHASE_1","Anonymous user reaches registration from gateway and sign-in.","homeport.registration.reachable","moderate","high","moderate","Gateway account control","CLOSED_PHASE_1_VALIDATED","Phase 0 status was CONFIRMED. Historical evidence remains unchanged."
"HP-NC-004","","CRITICAL","Identity","Player sign-in and global account context disagree","Player can enter the library while shell and staff workspace guards disagree about the same account.","CLOSED","/player/sign-in;/player/library;/captain/library","player shell;account menu;captain","HP-P1-JRN-A;HP-P1-JRN-C;HP-P1-JRN-F","Sign in as synthetic Player, inspect shell, reload, then choose Captain workspace.","Phase 1 canonical AccountSession and current-user context behavior passed the linked focused and browser acceptance evidence.","One canonical session drives all role projections.","HP-P1-EV-A-sign-in-desktop;HP-P1-EV-C-passport-continuity;HP-P1-EV-F-workspace-continuity","Separate cookie and capability projection paths.","wayfarer","project-homeport","PHASE_1","Same canonical session produces stable shell and role-appropriate workspace access.","homeport.session.convergence","high","high","high","HP-SES-001;HP-SES-002","CLOSED_PHASE_1_VALIDATED","Phase 0 status was CONFIRMED_SPLIT. Historical evidence remains unchanged."
"HP-NC-005","","MODERATE","Identity","Sign out has no dependable visible result","Initial governing finding retained and re-evaluated.","CLOSED","/player/library;/player/sign-in","account menu;player sign-in","HP-P1-JRN-I;HP-P1-JRN-J","Use visible Sign out from authenticated Player page.","Phase 1 canonical AccountSession and current-user context behavior passed the linked focused and browser acceptance evidence.","Sign out visibly invalidates authenticated access.","HP-P1-EV-I-sign-out-complete;HP-P1-EV-J-multitab-sign-out","Current server action now revokes canonical session.","wayfarer","project-homeport","PHASE_1","Retain focused sign-out and stale-session test.","homeport.signout.visible;homeport.signout.multi-tab;homeport.signout.compatibility","moderate","moderate","moderate","Canonical session","CLOSED_PHASE_1_VALIDATED","Result destination remains weak but core finding not reproduced. Phase 0 status was CLOSED_BY_CURRENT_IMPLEMENTATION. Historical evidence remains unchanged."
"HP-NC-006","","MODERATE","Navigation","Account menu is an inadequate link block","Menu exposes Passport, Security, workspace links, and Sign out but not Profile or Community.","CLOSED","/player/library","account menu","HP-P2-JRN-A;HP-P2-JRN-B;HP-P2-JRN-E;HP-P2-JRN-F;HP-P2-JRN-G;HP-P2-JRN-H;HP-P2-JRN-I;HP-P2-JRN-J;HP-P2-JRN-K;HP-P2-JRN-L;HP-P2-JRN-M;HP-P2-JRN-S;HP-P2-JRN-T","Open authenticated account menu.","Phase 2 shell, navigation, parity, and browser contracts passed with checksum-bound synthetic evidence.","Coherent personal/account navigation.","HP-P2-EV-E-account-menu-anonymous;HP-P2-EV-F-account-menu-authenticated;HP-P2-EV-H-player-navigation;HP-P2-EV-I-captain-navigation;HP-P2-EV-J-creator-navigation;HP-P2-EV-L-mobile-drawer;HP-P2-EV-M-workspace-switcher;HP-P2-EV-R-zoom-account-menu","Product IA is incomplete.","true-north","project-homeport","PHASE_2","Profile, Passport, security, sessions, workspace, Community, and sign-out IA is explicit.","homeport.shell.account-menu;homeport.shell.workspace-switcher;homeport.navigation.desktop-mobile-set-equality","low","high","moderate","Phase 1 identity","CLOSED_PHASE_2_VALIDATED","Phase 2 prior status was CONFIRMED. Historical evidence remains preserved."
"HP-NC-007","","HIGH","Passport","Passport requests another sign-in under a legitimate session","Initial governing finding retained and re-evaluated.","CLOSED","/passport","Passport","HP-P1-JRN-C","Open Passport from authenticated account menu.","Phase 1 canonical AccountSession and current-user context behavior passed the linked focused and browser acceptance evidence.","Passport consumes canonical session.","HP-P1-EV-C-passport-continuity","Current account session path succeeded.","wayfarer","project-homeport","PHASE_1","Retain canonical-session Passport test.","homeport.passport.session","high","moderate","moderate","Canonical session","CLOSED_PHASE_1_VALIDATED","No history detail existed in fixture. Phase 0 status was NOT_REPRODUCED. Historical evidence remains unchanged."
"HP-NC-008","","MODERATE","Account IA","Security dominates incomplete account information architecture","Security is a top-level account destination while Profile is absent and sessions are a skeletal embedded list.","PARTIALLY_ADVANCED_PHASE_2","/account/security;/passport","security;Passport","HP-JRN-008;HP-P2-JRN-I","Use account menu and Account navigation.","Phase 2 makes existing Personal Harbor destinations reachable; Phase 3 retains information architecture, provider-control removal, and visual reconstruction.","Balanced personal harbor IA.","HP-EV-025;HP-EV-013;HP-P2-EV-F-account-menu-authenticated","Partial ProductShell registry.","true-north","project-homeport","PHASE_3","Personal Harbor navigation is complete and role-neutral.","homeport.personal-harbor.ia;homeport.shell.account-menu","moderate","moderate","moderate","Phase 2 shell","PARTIAL_PHASE_2_LATER_OWNER_RETAINED","Phase 2 prior status was CONFIRMED. Phase 2 makes existing Personal Harbor destinations reachable; Phase 3 retains information architecture, provider-control removal, and visual reconstruction."
"HP-NC-009","","HIGH","Personal Harbor","Profile and Passport are visually unfinished engineering forms","Passport exposes dense raw forms, provider implementation lists, and test simulators; public Profile is visually thin.","CONFIRMED","/passport;/profile/:handle","Passport;Profile","HP-JRN-004;HP-JRN-005","Open Passport and direct Profile at desktop, mobile, and zoom.","Dense engineering layout with implementation vocabulary and test-only controls.","Human personal harbor with complete states and hierarchy.","HP-EV-013;HP-EV-014;HP-EV-015;HP-EV-016","Backend-first surface composition.","wayfarer","project-homeport","PHASE_3","Owner accepts Profile/Passport at desktop, mobile, and zoom.","homeport.personal-harbor.visual","moderate","high","high","Phase 1 identity; Phase 2 shell","OPEN_ROOT",""
"HP-NC-010","","HIGH","Community","Community Harbor is absent from normal navigation","No global or account control reaches /community.","CLOSED","/;/tales;/player/library;/community","gateway;shell;account menu","HP-P2-JRN-C;HP-P2-JRN-N","Start at / and inspect all visible global/account navigation.","Phase 2 shell, navigation, parity, and browser contracts passed with checksum-bound synthetic evidence.","Community Harbor is a first-class destination.","HP-P2-EV-K-community-shell","Community extension is disabled while routes exist.","true-north","project-homeport","PHASE_2","Community appears role-appropriately on desktop and mobile.","homeport.community.global-reachability;homeport.shell.active-state","low","high","moderate","Harborlight route family","CLOSED_PHASE_2_VALIDATED","Phase 2 prior status was CONFIRMED. Historical evidence remains preserved."
"HP-NC-011","","HIGH","Community","Community Harbor landing is a raw search form and list","Current root is a minimally styled search/filter form and result list.","CONFIRMED","/community","Community root","HP-JRN-006;HP-JRN-007","Open /community directly after reachability block.","Populated result works but the visual surface is a raw form/list.","Designed Harbor landing with understandable districts and discovery.","HP-EV-018;HP-EV-019;HP-EV-020","Harborlight product presentation is skeletal.","harborlight","project-homeport","PHASE_4","Owner accepts complete Harbor root and states.","homeport.community.root-visual","low","high","high","Phase 2 navigation","OPEN_ROOT",""
"HP-NC-012","","HIGH","Community","Community district pages are skeletal or empty","Several districts show a heading and generic no-entry copy; others are populated only by direct URL.","CONFIRMED_SPLIT","/community/*","Community districts","HP-JRN-007","Follow visible districts, then inspect orphan districts directly.","Five visible district links; multiple skeletal empty surfaces.","Every district has complete populated and empty experiences.","HP-EV-022;HP-EV-023","Partial Harborlight presentation and fixture coverage.","harborlight","project-homeport","PHASE_4","District matrix passes populated/empty/no-results contracts.","homeport.community.districts","low","high","moderate","Representative public records","OPEN_ROOT",""
"HP-NC-013","","MODERATE","Community","Default Community state falsely resembles no results","Initial governing finding retained and re-evaluated.","NOT_REPRODUCED","/community","Community root","HP-JRN-007","Load default root with representative fixture.","One public result and explicit count rendered; no-results copy appeared only after a nonmatching query.","Default and no-results states are distinct.","HP-EV-018;HP-EV-024","Current search state distinguishes the cases.","harborlight","project-homeport","PHASE_4","Retain default/no-results contract.","homeport.community.default-state","low","moderate","moderate","Search projection","MONITOR",""
"HP-NC-014","","HIGH","Routes","Ordinary routes are orphaned or deep-link dependent","Static census finds ordinary pages with no literal visible entry; Profile and Community were reproduced as direct-URL-only.","PARTIALLY_ADVANCED_PHASE_2","multiple","multiple","HP-JRN-001;HP-JRN-004;HP-JRN-006;HP-JRN-007;HP-P2-JRN-Q","Compare app route census to literal links and natural journeys.","Phase 2 preserves a coherent shell and safe return for permission denial; later screen-state completion remains owned by Phase 6.","Every ordinary route is visibly reachable or explicitly contextual.","HP-EV-016;HP-EV-018;HP-P2-EV-T-permission-return","Feature delivery outpaced IA integration.","true-north","project-homeport","PHASE_5","Route inventory has zero unexplained ordinary orphans.","homeport.route.reachability;homeport.context.permission-state","low","high","moderate","Route inventory","PARTIAL_PHASE_2_LATER_OWNER_RETAINED","Phase 2 prior status was CONFIRMED. Phase 2 preserves a coherent shell and safe return for permission denial; later screen-state completion remains owned by Phase 6."
"HP-NC-015","","HIGH","Acceptance","Automated acceptance does not prove the intended product journey","Current focused suites prove many contracts but not the Homeport gateway-first journey matrix.","CONFIRMED","multiple","journey set","HP-JRN-001;HP-JRN-002;HP-JRN-003;HP-JRN-004;HP-JRN-005;HP-JRN-006;HP-JRN-007;HP-JRN-008;HP-JRN-009;HP-JRN-010;HP-JRN-011;HP-JRN-012;HP-JRN-013","Compare current Sounding Line families with Phase 0 natural journeys.","Technical surfaces pass while ordinary journeys remain blocked.","Acceptance runs the intended visible journey.","HP-EV-001","Prior tests enter deep routes and specialist surfaces.","sounding-line","project-homeport","PHASE_7","Owner journey suite is governed and passing.","homeport.journey.acceptance","moderate","high","high","Homeport journey contracts","OPEN_ROOT",""
"HP-NC-016","","HIGH","Responsive","Mobile may omit destinations available on desktop","Mobile Player navigation showed only Explore Chronicles and omitted ordinary account/global destinations.","CLOSED","/player/library","mobile menu","HP-P2-JRN-E;HP-P2-JRN-F;HP-P2-JRN-G;HP-P2-JRN-H;HP-P2-JRN-J;HP-P2-JRN-K;HP-P2-JRN-O;HP-P2-JRN-P;HP-P2-JRN-S;HP-P2-JRN-T","Open mobile navigation after Player sign-in and reload.","Phase 2 shell, navigation, parity, and browser contracts passed with checksum-bound synthetic evidence.","Desktop/mobile destination parity except documented responsive transformations.","HP-P2-EV-H-player-navigation;HP-P2-EV-I-captain-navigation;HP-P2-EV-J-creator-navigation;HP-P2-EV-L-mobile-drawer;HP-P2-EV-M-workspace-switcher;HP-P2-EV-N-compact-exit;HP-P2-EV-O-immersive-exit","Capability projection plus incomplete registry.","true-north","project-homeport","PHASE_2","Automated and owner mobile parity matrix passes.","homeport.navigation.contextual-parent;homeport.shell.compact-exit;homeport.shell.immersive-exit","low","high","high","Phase 1 capabilities","CLOSED_PHASE_2_VALIDATED","Phase 2 prior status was CONFIRMED. Historical evidence remains preserved."
"HP-NC-017","","CRITICAL","Identity","Context failures may be flattened into anonymous state","Shell fetch failure and invalid context become anonymous; authorization denial redirected to generic sign-in.","CLOSED","/api/shell/context;/community/moderation","shell;permission state","HP-P1-JRN-G;HP-P1-JRN-H","Expire session and access moderator route without capability.","Phase 1 canonical AccountSession and current-user context behavior passed the linked focused and browser acceptance evidence.","Authentication, expiry, and authorization states remain distinct.","HP-P1-EV-G-permission-denied;HP-P1-EV-H-session-expired","Null context is overloaded.","wayfarer","project-homeport","PHASE_1","Explicit current-user state machine distinguishes causes.","homeport.context.failure-state;homeport.session.expiry;homeport.session.restricted-account","high","high","high","Canonical current-user context","CLOSED_PHASE_1_VALIDATED","Phase 0 status was CONFIRMED. Historical evidence remains unchanged."
"HP-NC-018","","HIGH","Page states","Pages lack complete loading error empty and permission states","Representative routes expose inconsistent subsets; dependency unavailable was not safely reproducible.","CONFIRMED","multiple","multiple","HP-JRN-003;HP-JRN-007;HP-JRN-011;HP-JRN-012","Catalog every ordinary screen state.","Loading/empty/no-results exist selectively; permission is broken and unavailable is absent.","Every applicable state has deliberate copy, action, and focus.","HP-EV-009;HP-EV-022;HP-EV-024;HP-EV-026","State design is route-local and incomplete.","project-homeport","project-homeport","PHASE_6","Screen Contract Catalog state matrix passes.","homeport.screen.states","moderate","high","high","Screen contract catalog","OPEN_ROOT",""
"HP-NC-019","","MODERATE","Fixtures","Representative data is insufficient for product evaluation","Repository seed produced no Community records until the Homeport audit fixture added synthetic records.","CONFIRMED","/community","Community and personal surfaces","HP-JRN-005;HP-JRN-007","Seed mobile-stress-test, count Community rows, then add task-owned fixture.","Base seed had zero listings/collections/logs; task fixture enabled limited populated proof.","Governed acceptance fixture covers representative states.","HP-EV-018;HP-EV-021;HP-EV-023","Specialist fixtures are fragmented.","sounding-line","project-homeport","PHASE_7","One synthetic product fixture family covers the owner journey matrix.","homeport.fixture.representative","low","moderate","low","Fixture governance","OPEN_ROOT",""
"HP-NC-020","","HIGH","Governance","Completion language outruns product reality","Specialist completion receipts coexist with blocked product journeys.","CONFIRMED","repository-wide","completion records and running product","HP-JRN-001;HP-JRN-002;HP-JRN-003;HP-JRN-004;HP-JRN-005;HP-JRN-006;HP-JRN-007;HP-JRN-008;HP-JRN-009;HP-JRN-010;HP-JRN-011;HP-JRN-012;HP-JRN-013","Compare current receipts to gateway-first runtime audit.","Sounding Line proof is accurate for its scope; product convergence remains incomplete.","Completion claims name exact visible acceptance boundary.","HP-EV-001;HP-EV-018","Project-local completion did not equal product convergence.","project-homeport","project-homeport","PHASE_7","Final owner acceptance is the only PRODUCT ACCEPTED boundary.","homeport.completion.language","moderate","moderate","low","Global governance","OPEN_ROOT",""
"HP-NC-021","HP-NC-004","HIGH","Shell context","Player sign-in shell context race","Immediately after successful Player sign-in navigation, ProductShell retained anonymous Account state until reload.","CLOSED","/player/sign-in;/player/library","Player shell","HP-P1-JRN-A;HP-P1-JRN-B","Sign in and inspect shell before and after reload.","Phase 1 canonical AccountSession and current-user context behavior passed the linked focused and browser acceptance evidence.","Session completion invalidates and refreshes shell context before destination settles.","HP-P1-EV-A-sign-in-desktop;HP-P1-EV-B-registration-return","ProductShell fetch starts before post-sign-in context is stable.","true-north","project-homeport","PHASE_1","No anonymous flash or stale context after auth mutation.","homeport.shell.auth-refresh;homeport.current-user.no-stale-overwrite","moderate","high","moderate","Canonical context invalidation","CLOSED_PHASE_1_VALIDATED","Phase 0 status was CONFIRMED. Historical evidence remains unchanged."
"HP-NC-022","HP-NC-004","HIGH","Capabilities","Player identity and Player capability projection disagree","A valid Player library session rendered a shell whose canUsePlayer projection was false, hiding My Voyages and Passport workspace items.","CLOSED","/player/library;/api/shell/context","Player mobile/desktop navigation","HP-P1-JRN-C;HP-P1-JRN-K","Sign in using legacy Player name linked to a full-capability account and open workspace menu.","Phase 1 canonical AccountSession and current-user context behavior passed the linked focused and browser acceptance evidence.","Player identity implies a coherent Player capability projection.","HP-P1-EV-C-passport-continuity;HP-P1-EV-K-role-removal","Account role assignments omit PLAYER while profile membership authorizes Player routes.","wayfarer","project-homeport","PHASE_1","Route guards and shell capabilities derive from one account context.","homeport.capability.player-agreement","high","high","high","Role/profile reconciliation","CLOSED_PHASE_1_VALIDATED","Phase 0 status was CONFIRMED. Historical evidence remains unchanged."
"HP-NC-023","HP-NC-004","CRITICAL","Capabilities","Account menu advertises staff access that a second cookie denies","Wayfarer role projection showed Captain/Creator links, but Captain guard required forever_gm and redirected to staff sign-in.","CLOSED","/player/library;/captain/library","account menu;Captain","HP-P1-JRN-F;HP-P1-JRN-M","Sign in as Player, reload, open account menu, choose Captain workspace.","Phase 1 canonical AccountSession and current-user context behavior passed the linked focused and browser acceptance evidence.","Visible capability and destination authorization agree.","HP-P1-EV-F-workspace-continuity;HP-P1-EV-M-legacy-staff-bridge","Separate canonical-role projection and staff-cookie guard.","wayfarer","project-homeport","PHASE_1","One canonical session authorizes all granted roles.","homeport.capability.staff-agreement;homeport.legacy-staff.bridge","high","high","high","HP-SES-001;HP-SES-002","CLOSED_PHASE_1_VALIDATED","Phase 0 status was CONFIRMED. Historical evidence remains unchanged."
"HP-NC-024","HP-NC-003","MODERATE","Registration","Registration success has no intended navigation","Direct registration succeeds and displays a generic completion sentence but stays on the filled form.","CLOSED","/register","registration","HP-P1-JRN-B","Submit unique synthetic account data on direct /register.","Phase 1 canonical AccountSession and current-user context behavior passed the linked focused and browser acceptance evidence.","Registration lands in an intentional authenticated destination.","HP-P1-EV-B-registration-return","AccountFlow does not navigate or invalidate shell context.","wayfarer","project-homeport","PHASE_1","Successful registration produces visible authenticated shell and intended return.","homeport.registration.success-destination","moderate","moderate","moderate","Canonical return contract","CLOSED_PHASE_1_VALIDATED","Phase 0 status was CONFIRMED. Historical evidence remains unchanged."
"HP-NC-025","HP-NC-002","MODERATE","Authentication","Generic sign-in lacks registration and recovery links","The form has login, password, and Continue only.","CLOSED","/sign-in","generic sign-in","HP-P1-JRN-A","Reach Sign in through anonymous account menu.","Phase 1 canonical AccountSession and current-user context behavior passed the linked focused and browser acceptance evidence.","Canonical sign-in offers account creation and recovery.","HP-P1-EV-A-sign-in-desktop","AccountFlow mode renders only the active form.","wayfarer","project-homeport","PHASE_1","Sign-in connects every account lifecycle path.","homeport.signin.lifecycle-links","moderate","moderate","moderate","Account lifecycle IA","CLOSED_PHASE_1_VALIDATED","Phase 0 status was CONFIRMED. Historical evidence remains unchanged."
"HP-NC-026","HP-NC-014","HIGH","Community","Six Community districts are absent from Harbor navigation","Creators, Collections, Audio, Maps, Templates, and Moderation routes exist but are not linked from the Harbor district list.","PARTIALLY_ADVANCED_PHASE_2","/community/creators;/community/collections;/community/audio;/community/maps;/community/templates;/community/moderation","Community district navigation","HP-JRN-007;HP-P2-JRN-C;HP-P2-JRN-J;HP-P2-JRN-K","Inspect Harbor links then direct known route patterns.","Phase 2 makes Community globally reachable on desktop and mobile; Phase 4 retains Community content and district reconstruction.","Every ordinary district is visible or explicitly contextual/administrative.","HP-EV-018;HP-EV-022;HP-EV-023;HP-P2-EV-K-community-shell;HP-P2-EV-L-mobile-drawer","District registry and visible navigation disagree.","harborlight","project-homeport","PHASE_4","District navigation covers the governed route family.","homeport.community.district-reachability;homeport.community.global-reachability","low","high","moderate","Phase 2 global navigation","PARTIAL_PHASE_2_LATER_OWNER_RETAINED","Phase 2 prior status was CONFIRMED. Phase 2 makes Community globally reachable on desktop and mobile; Phase 4 retains Community content and district reconstruction."
"HP-NC-027","HP-NC-017","CRITICAL","Authorization","Permission denial redirects to generic sign-in","Authenticated non-moderator access to /community/moderation flattened authorization failure into anonymous sign-in.","CLOSED","/community/moderation;/sign-in","moderation permission state","HP-P1-JRN-G;HP-P1-JRN-K","Authenticate without moderator role and open /community/moderation.","Phase 1 canonical AccountSession and current-user context behavior passed the linked focused and browser acceptance evidence.","Permission denial preserves authenticated identity and explains recovery.","HP-P1-EV-G-permission-denied;HP-P1-EV-K-role-removal","Route guard conflates missing capability with missing identity.","harborlight","project-homeport","PHASE_1","Permission route renders deliberate denied state and safe return.","homeport.permission.explicit","high","high","high","Canonical authorization state","CLOSED_PHASE_1_VALIDATED","Phase 0 status was CONFIRMED. Historical evidence remains unchanged."
"HP-NC-028","HP-NC-009","HIGH","Passport","Test simulators and provider implementation plan are visible in ordinary Passport","The personal hub exposes test-only validation controls and long provider readiness inventories.","CONFIRMED","/passport","Linked identities","HP-JRN-005","Open Passport as ordinary signed-in Player.","Test-only simulator code and implementation categories dominate the page.","Ordinary Passport presents user-owned identity actions; development tools remain development-only.","HP-EV-013;HP-EV-014","Engineering validation surface is embedded in product UI.","wayfarer","project-homeport","PHASE_3","No test-only provider controls appear in ordinary product mode.","homeport.passport.no-test-controls","moderate","high","moderate","Provider integration policy","DEPENDENT",""
