"routeId","pathPattern","parentControl","breadcrumb","backControl","stableFallback","globalNavigation","workspaceHome","relatedContent","nextStep","emptyStateAction","errorRecovery","permissionRecovery","directEntryBehavior","mobileBehavior","evidence","status"
"route-page-root","/","PRODUCT_ROOT","SHELL_OR_SECTION_CONTEXT","Artifact Cabinet","/","AVAILABLE","Gateway and public shell","AREA_DEPENDENT","PARENT_OR_MEANINGFUL_ONWARD_ACTION","NOT_DECLARED_IN_ROUTE_SOURCE","RETRY_OR_STABLE_PARENT","AVAILABLE_WORKSPACE_OR_HOME","STABLE_CONTEXT_AND_RETURN","FUNCTIONALLY_EQUIVALENT","PENDING_EXACT_SOURCE_BROWSER","IMPLEMENTED_PENDING_BROWSER_VALIDATION"
"route-page-account","/account","route-page-root","SHELL_OR_SECTION_CONTEXT","Accessibility","/","AVAILABLE","Personal Harbor","AREA_DEPENDENT","PARENT_OR_MEANINGFUL_ONWARD_ACTION","NOT_DECLARED_IN_ROUTE_SOURCE","RETRY_OR_STABLE_PARENT","AVAILABLE_WORKSPACE_OR_HOME","STABLE_CONTEXT_AND_RETURN","FUNCTIONALLY_EQUIVALENT","PENDING_EXACT_SOURCE_BROWSER","IMPLEMENTED_PENDING_BROWSER_VALIDATION"
"route-page-account-accessibility","/account/accessibility","route-page-account","SHELL_OR_SECTION_CONTEXT","Home","/account","AVAILABLE","Personal Harbor","AREA_DEPENDENT","PARENT_OR_MEANINGFUL_ONWARD_ACTION","NOT_DECLARED_IN_ROUTE_SOURCE","RETRY_OR_STABLE_PARENT","AVAILABLE_WORKSPACE_OR_HOME","STABLE_CONTEXT_AND_RETURN","FUNCTIONALLY_EQUIVALENT","PENDING_EXACT_SOURCE_BROWSER","IMPLEMENTED_PENDING_BROWSER_VALIDATION"
"route-page-account-data","/account/data","route-page-account","SHELL_OR_SECTION_CONTEXT","Home","/account","AVAILABLE","Personal Harbor","AREA_DEPENDENT","PARENT_OR_MEANINGFUL_ONWARD_ACTION","NOT_DECLARED_IN_ROUTE_SOURCE","RETRY_OR_STABLE_PARENT","AVAILABLE_WORKSPACE_OR_HOME","STABLE_CONTEXT_AND_RETURN","FUNCTIONALLY_EQUIVALENT","PENDING_EXACT_SOURCE_BROWSER","IMPLEMENTED_PENDING_BROWSER_VALIDATION"
"route-page-account-linked-identities","/account/linked-identities","route-page-account","SHELL_OR_SECTION_CONTEXT","Home","/account","AVAILABLE","Personal Harbor","AREA_DEPENDENT","PARENT_OR_MEANINGFUL_ONWARD_ACTION","NOT_DECLARED_IN_ROUTE_SOURCE","RETRY_OR_STABLE_PARENT","AVAILABLE_WORKSPACE_OR_HOME","STABLE_CONTEXT_AND_RETURN","FUNCTIONALLY_EQUIVALENT","PENDING_EXACT_SOURCE_BROWSER","IMPLEMENTED_PENDING_BROWSER_VALIDATION"
"route-page-account-notifications","/account/notifications","route-page-account","SHELL_OR_SECTION_CONTEXT","Home","/account","AVAILABLE","Personal Harbor","AREA_DEPENDENT","PARENT_OR_MEANINGFUL_ONWARD_ACTION","NOT_DECLARED_IN_ROUTE_SOURCE","RETRY_OR_STABLE_PARENT","AVAILABLE_WORKSPACE_OR_HOME","STABLE_CONTEXT_AND_RETURN","FUNCTIONALLY_EQUIVALENT","PENDING_EXACT_SOURCE_BROWSER","IMPLEMENTED_PENDING_BROWSER_VALIDATION"
"route-page-account-personal-information","/account/personal-information","route-page-account","SHELL_OR_SECTION_CONTEXT","Home","/account","AVAILABLE","Personal Harbor","AREA_DEPENDENT","PARENT_OR_MEANINGFUL_ONWARD_ACTION","NOT_DECLARED_IN_ROUTE_SOURCE","RETRY_OR_STABLE_PARENT","AVAILABLE_WORKSPACE_OR_HOME","STABLE_CONTEXT_AND_RETURN","FUNCTIONALLY_EQUIVALENT","PENDING_EXACT_SOURCE_BROWSER","IMPLEMENTED_PENDING_BROWSER_VALIDATION"
"route-page-account-preferences","/account/preferences","route-page-account","SHELL_OR_SECTION_CONTEXT","Home","/account","AVAILABLE","Personal Harbor","AREA_DEPENDENT","PARENT_OR_MEANINGFUL_ONWARD_ACTION","NOT_DECLARED_IN_ROUTE_SOURCE","RETRY_OR_STABLE_PARENT","AVAILABLE_WORKSPACE_OR_HOME","STABLE_CONTEXT_AND_RETURN","FUNCTIONALLY_EQUIVALENT","PENDING_EXACT_SOURCE_BROWSER","IMPLEMENTED_PENDING_BROWSER_VALIDATION"
"route-page-account-privacy","/account/privacy","route-page-account","SHELL_OR_SECTION_CONTEXT","Home","/account","AVAILABLE","Personal Harbor","AREA_DEPENDENT","PARENT_OR_MEANINGFUL_ONWARD_ACTION","NOT_DECLARED_IN_ROUTE_SOURCE","RETRY_OR_STABLE_PARENT","AVAILABLE_WORKSPACE_OR_HOME","STABLE_CONTEXT_AND_RETURN","FUNCTIONALLY_EQUIVALENT","PENDING_EXACT_SOURCE_BROWSER","IMPLEMENTED_PENDING_BROWSER_VALIDATION"
"route-page-account-profile","/account/profile","route-page-account","SHELL_OR_SECTION_CONTEXT","View public Profile","/account","AVAILABLE","Personal Harbor","AREA_DEPENDENT","PARENT_OR_MEANINGFUL_ONWARD_ACTION","NOT_DECLARED_IN_ROUTE_SOURCE","RETRY_OR_STABLE_PARENT","AVAILABLE_WORKSPACE_OR_HOME","STABLE_CONTEXT_AND_RETURN","FUNCTIONALLY_EQUIVALENT","PENDING_EXACT_SOURCE_BROWSER","IMPLEMENTED_PENDING_BROWSER_VALIDATION"
"route-page-account-profile-view","/account/profile/view","route-page-account-profile","SHELL_OR_SECTION_CONTEXT","Home","/account/profile","AVAILABLE","Personal Harbor","AREA_DEPENDENT","PARENT_OR_MEANINGFUL_ONWARD_ACTION","NOT_DECLARED_IN_ROUTE_SOURCE","RETRY_OR_STABLE_PARENT","AVAILABLE_WORKSPACE_OR_HOME","STABLE_CONTEXT_AND_RETURN","FUNCTIONALLY_EQUIVALENT","PENDING_EXACT_SOURCE_BROWSER","IMPLEMENTED_PENDING_BROWSER_VALIDATION"
"route-page-account-roles","/account/roles","route-page-account","SHELL_OR_SECTION_CONTEXT","Home","/account","AVAILABLE","Personal Harbor","AREA_DEPENDENT","PARENT_OR_MEANINGFUL_ONWARD_ACTION","NOT_DECLARED_IN_ROUTE_SOURCE","RETRY_OR_STABLE_PARENT","AVAILABLE_WORKSPACE_OR_HOME","STABLE_CONTEXT_AND_RETURN","FUNCTIONALLY_EQUIVALENT","PENDING_EXACT_SOURCE_BROWSER","IMPLEMENTED_PENDING_BROWSER_VALIDATION"
"route-page-account-security","/account/security","route-page-account","SHELL_OR_SECTION_CONTEXT","Home","/account","AVAILABLE","Personal Harbor","AREA_DEPENDENT","PARENT_OR_MEANINGFUL_ONWARD_ACTION","NOT_DECLARED_IN_ROUTE_SOURCE","RETRY_OR_STABLE_PARENT","AVAILABLE_WORKSPACE_OR_HOME","STABLE_CONTEXT_AND_RETURN","FUNCTIONALLY_EQUIVALENT","PENDING_EXACT_SOURCE_BROWSER","IMPLEMENTED_PENDING_BROWSER_VALIDATION"
"route-page-account-sessions","/account/sessions","route-page-account","SHELL_OR_SECTION_CONTEXT","Home","/account","AVAILABLE","Personal Harbor","AREA_DEPENDENT","PARENT_OR_MEANINGFUL_ONWARD_ACTION","NOT_DECLARED_IN_ROUTE_SOURCE","RETRY_OR_STABLE_PARENT","AVAILABLE_WORKSPACE_OR_HOME","STABLE_CONTEXT_AND_RETURN","FUNCTIONALLY_EQUIVALENT","PENDING_EXACT_SOURCE_BROWSER","IMPLEMENTED_PENDING_BROWSER_VALIDATION"
"route-page-captain-library","/captain/library","route-page-root","SHELL_OR_SECTION_CONTEXT","Open Player-safe preview","/","AVAILABLE","Captain","AREA_DEPENDENT","PARENT_OR_MEANINGFUL_ONWARD_ACTION","NOT_DECLARED_IN_ROUTE_SOURCE","RETRY_OR_STABLE_PARENT","AVAILABLE_WORKSPACE_OR_HOME","STABLE_CONTEXT_AND_RETURN","FUNCTIONALLY_EQUIVALENT","PENDING_EXACT_SOURCE_BROWSER","IMPLEMENTED_PENDING_BROWSER_VALIDATION"
"route-page-community","/community","route-page-root","SHELL_OR_SECTION_CONTEXT","Artifacts","/","AVAILABLE","Community Harbor","AREA_DEPENDENT","PARENT_OR_MEANINGFUL_ONWARD_ACTION","SOURCE_DECLARED","RETRY_OR_STABLE_PARENT","AVAILABLE_WORKSPACE_OR_HOME","STABLE_CONTEXT_AND_RETURN","FUNCTIONALLY_EQUIVALENT","PENDING_EXACT_SOURCE_BROWSER","IMPLEMENTED_PENDING_BROWSER_VALIDATION"
"route-page-community-artifacts","/community/artifacts","route-page-community","SHELL_OR_SECTION_CONTEXT","Home","/community","AVAILABLE","Community Harbor","AREA_DEPENDENT","PARENT_OR_MEANINGFUL_ONWARD_ACTION","NOT_DECLARED_IN_ROUTE_SOURCE","RETRY_OR_STABLE_PARENT","AVAILABLE_WORKSPACE_OR_HOME","STABLE_CONTEXT_AND_RETURN","FUNCTIONALLY_EQUIVALENT","PENDING_EXACT_SOURCE_BROWSER","IMPLEMENTED_PENDING_BROWSER_VALIDATION"
"route-page-community-audio","/community/audio","route-page-community","SHELL_OR_SECTION_CONTEXT","Home","/community","AVAILABLE","Community Harbor","AREA_DEPENDENT","PARENT_OR_MEANINGFUL_ONWARD_ACTION","NOT_DECLARED_IN_ROUTE_SOURCE","RETRY_OR_STABLE_PARENT","AVAILABLE_WORKSPACE_OR_HOME","STABLE_CONTEXT_AND_RETURN","FUNCTIONALLY_EQUIVALENT","PENDING_EXACT_SOURCE_BROWSER","IMPLEMENTED_PENDING_BROWSER_VALIDATION"
"route-page-community-chronicles","/community/chronicles","route-page-community","SHELL_OR_SECTION_CONTEXT","Open public Community item","/community","AVAILABLE","Community Harbor","AREA_DEPENDENT","PARENT_OR_MEANINGFUL_ONWARD_ACTION","NOT_DECLARED_IN_ROUTE_SOURCE","RETRY_OR_STABLE_PARENT","AVAILABLE_WORKSPACE_OR_HOME","STABLE_CONTEXT_AND_RETURN","FUNCTIONALLY_EQUIVALENT","PENDING_EXACT_SOURCE_BROWSER","IMPLEMENTED_PENDING_BROWSER_VALIDATION"
"route-page-community-collections","/community/collections","route-page-community","SHELL_OR_SECTION_CONTEXT","Open public collection","/community","AVAILABLE","Community Harbor","AREA_DEPENDENT","PARENT_OR_MEANINGFUL_ONWARD_ACTION","NOT_DECLARED_IN_ROUTE_SOURCE","RETRY_OR_STABLE_PARENT","AVAILABLE_WORKSPACE_OR_HOME","STABLE_CONTEXT_AND_RETURN","FUNCTIONALLY_EQUIVALENT","PENDING_EXACT_SOURCE_BROWSER","IMPLEMENTED_PENDING_BROWSER_VALIDATION"
"route-page-community-creators","/community/creators","route-page-community","SHELL_OR_SECTION_CONTEXT","Open public Creator Profile","/community","AVAILABLE","Community Harbor","AREA_DEPENDENT","PARENT_OR_MEANINGFUL_ONWARD_ACTION","NOT_DECLARED_IN_ROUTE_SOURCE","RETRY_OR_STABLE_PARENT","AVAILABLE_WORKSPACE_OR_HOME","STABLE_CONTEXT_AND_RETURN","FUNCTIONALLY_EQUIVALENT","PENDING_EXACT_SOURCE_BROWSER","IMPLEMENTED_PENDING_BROWSER_VALIDATION"
"route-page-community-featured","/community/featured","route-page-community","SHELL_OR_SECTION_CONTEXT","Home","/community","AVAILABLE","Community Harbor","AREA_DEPENDENT","PARENT_OR_MEANINGFUL_ONWARD_ACTION","NOT_DECLARED_IN_ROUTE_SOURCE","RETRY_OR_STABLE_PARENT","AVAILABLE_WORKSPACE_OR_HOME","STABLE_CONTEXT_AND_RETURN","FUNCTIONALLY_EQUIVALENT","PENDING_EXACT_SOURCE_BROWSER","IMPLEMENTED_PENDING_BROWSER_VALIDATION"
"route-page-community-guides","/community/guides","route-page-community","SHELL_OR_SECTION_CONTEXT","Open public Guide","/community","AVAILABLE","Community Harbor","AREA_DEPENDENT","PARENT_OR_MEANINGFUL_ONWARD_ACTION","NOT_DECLARED_IN_ROUTE_SOURCE","RETRY_OR_STABLE_PARENT","AVAILABLE_WORKSPACE_OR_HOME","STABLE_CONTEXT_AND_RETURN","FUNCTIONALLY_EQUIVALENT","PENDING_EXACT_SOURCE_BROWSER","IMPLEMENTED_PENDING_BROWSER_VALIDATION"
"route-page-community-maps","/community/maps","route-page-community","SHELL_OR_SECTION_CONTEXT","Home","/community","AVAILABLE","Community Harbor","AREA_DEPENDENT","PARENT_OR_MEANINGFUL_ONWARD_ACTION","NOT_DECLARED_IN_ROUTE_SOURCE","RETRY_OR_STABLE_PARENT","AVAILABLE_WORKSPACE_OR_HOME","STABLE_CONTEXT_AND_RETURN","FUNCTIONALLY_EQUIVALENT","PENDING_EXACT_SOURCE_BROWSER","IMPLEMENTED_PENDING_BROWSER_VALIDATION"
"route-page-community-moderation","/community/moderation","route-page-community","SHELL_OR_SECTION_CONTEXT","Open moderation case","/community","AVAILABLE","Community Harbor","AREA_DEPENDENT","PARENT_OR_MEANINGFUL_ONWARD_ACTION","NOT_DECLARED_IN_ROUTE_SOURCE","RETRY_OR_STABLE_PARENT","AVAILABLE_WORKSPACE_OR_HOME","STABLE_CONTEXT_AND_RETURN","FUNCTIONALLY_EQUIVALENT","PENDING_EXACT_SOURCE_BROWSER","IMPLEMENTED_PENDING_BROWSER_VALIDATION"
"route-page-community-templates","/community/templates","route-page-community","SHELL_OR_SECTION_CONTEXT","Home","/community","AVAILABLE","Community Harbor","AREA_DEPENDENT","PARENT_OR_MEANINGFUL_ONWARD_ACTION","NOT_DECLARED_IN_ROUTE_SOURCE","RETRY_OR_STABLE_PARENT","AVAILABLE_WORKSPACE_OR_HOME","STABLE_CONTEXT_AND_RETURN","FUNCTIONALLY_EQUIVALENT","PENDING_EXACT_SOURCE_BROWSER","IMPLEMENTED_PENDING_BROWSER_VALIDATION"
"route-page-community-voyage-logs","/community/voyage-logs","route-page-community","SHELL_OR_SECTION_CONTEXT","Publication consent","/community","AVAILABLE","Community Harbor","AREA_DEPENDENT","PARENT_OR_MEANINGFUL_ONWARD_ACTION","NOT_DECLARED_IN_ROUTE_SOURCE","RETRY_OR_STABLE_PARENT","AVAILABLE_WORKSPACE_OR_HOME","STABLE_CONTEXT_AND_RETURN","FUNCTIONALLY_EQUIVALENT","PENDING_EXACT_SOURCE_BROWSER","IMPLEMENTED_PENDING_BROWSER_VALIDATION"
"route-page-community-voyage-logs-consent","/community/voyage-logs/consent","route-page-community-voyage-logs","SHELL_OR_SECTION_CONTEXT","Home","/community/voyage-logs","AVAILABLE","Community Harbor","AREA_DEPENDENT","PARENT_OR_MEANINGFUL_ONWARD_ACTION","NOT_DECLARED_IN_ROUTE_SOURCE","RETRY_OR_STABLE_PARENT","AVAILABLE_WORKSPACE_OR_HOME","STABLE_CONTEXT_AND_RETURN","FUNCTIONALLY_EQUIVALENT","PENDING_EXACT_SOURCE_BROWSER","IMPLEMENTED_PENDING_BROWSER_VALIDATION"
"route-page-community-voyage-logs-owner","/community/voyage-logs/owner","route-page-community-voyage-logs","SHELL_OR_SECTION_CONTEXT","Home","/community/voyage-logs","AVAILABLE","Community Harbor","AREA_DEPENDENT","PARENT_OR_MEANINGFUL_ONWARD_ACTION","NOT_DECLARED_IN_ROUTE_SOURCE","RETRY_OR_STABLE_PARENT","AVAILABLE_WORKSPACE_OR_HOME","STABLE_CONTEXT_AND_RETURN","FUNCTIONALLY_EQUIVALENT","PENDING_EXACT_SOURCE_BROWSER","IMPLEMENTED_PENDING_BROWSER_VALIDATION"
"route-page-forgot-password","/forgot-password","route-page-sign-in","SHELL_OR_SECTION_CONTEXT","Safe return","/sign-in","TRANSFORMED","Account lifecycle","AREA_DEPENDENT","PARENT_OR_MEANINGFUL_ONWARD_ACTION","NOT_DECLARED_IN_ROUTE_SOURCE","RETRY_OR_STABLE_PARENT","AVAILABLE_WORKSPACE_OR_HOME","STABLE_CONTEXT_AND_RETURN","FUNCTIONALLY_EQUIVALENT","PENDING_EXACT_SOURCE_BROWSER","IMPLEMENTED_PENDING_BROWSER_VALIDATION"
"route-page-passport","/passport","route-page-account","SHELL_OR_SECTION_CONTEXT","Memories","/account","AVAILABLE","Personal Harbor","AREA_DEPENDENT","PARENT_OR_MEANINGFUL_ONWARD_ACTION","NOT_DECLARED_IN_ROUTE_SOURCE","RETRY_OR_STABLE_PARENT","AVAILABLE_WORKSPACE_OR_HOME","STABLE_CONTEXT_AND_RETURN","FUNCTIONALLY_EQUIVALENT","PENDING_EXACT_SOURCE_BROWSER","IMPLEMENTED_PENDING_BROWSER_VALIDATION"
"route-page-passport-artifacts","/passport/artifacts","route-page-passport","SHELL_OR_SECTION_CONTEXT","Open Artifact detail","/passport","AVAILABLE","Personal Harbor","AREA_DEPENDENT","PARENT_OR_MEANINGFUL_ONWARD_ACTION","NOT_DECLARED_IN_ROUTE_SOURCE","RETRY_OR_STABLE_PARENT","AVAILABLE_WORKSPACE_OR_HOME","STABLE_CONTEXT_AND_RETURN","FUNCTIONALLY_EQUIVALENT","PENDING_EXACT_SOURCE_BROWSER","IMPLEMENTED_PENDING_BROWSER_VALIDATION"
"route-page-passport-history","/passport/history","route-page-passport","SHELL_OR_SECTION_CONTEXT","Open Voyage Record","/passport","AVAILABLE","Personal Harbor","AREA_DEPENDENT","PARENT_OR_MEANINGFUL_ONWARD_ACTION","NOT_DECLARED_IN_ROUTE_SOURCE","RETRY_OR_STABLE_PARENT","AVAILABLE_WORKSPACE_OR_HOME","STABLE_CONTEXT_AND_RETURN","FUNCTIONALLY_EQUIVALENT","PENDING_EXACT_SOURCE_BROWSER","IMPLEMENTED_PENDING_BROWSER_VALIDATION"
"route-page-passport-memories","/passport/memories","route-page-passport","SHELL_OR_SECTION_CONTEXT","Home","/passport","AVAILABLE","Personal Harbor","AREA_DEPENDENT","PARENT_OR_MEANINGFUL_ONWARD_ACTION","NOT_DECLARED_IN_ROUTE_SOURCE","RETRY_OR_STABLE_PARENT","AVAILABLE_WORKSPACE_OR_HOME","STABLE_CONTEXT_AND_RETURN","FUNCTIONALLY_EQUIVALENT","PENDING_EXACT_SOURCE_BROWSER","IMPLEMENTED_PENDING_BROWSER_VALIDATION"
"route-page-passport-saved","/passport/saved","route-page-passport","SHELL_OR_SECTION_CONTEXT","Home","/passport","AVAILABLE","Personal Harbor","AREA_DEPENDENT","PARENT_OR_MEANINGFUL_ONWARD_ACTION","NOT_DECLARED_IN_ROUTE_SOURCE","RETRY_OR_STABLE_PARENT","AVAILABLE_WORKSPACE_OR_HOME","STABLE_CONTEXT_AND_RETURN","FUNCTIONALLY_EQUIVALENT","PENDING_EXACT_SOURCE_BROWSER","IMPLEMENTED_PENDING_BROWSER_VALIDATION"
"route-page-player-library","/player/library","route-page-root","SHELL_OR_SECTION_CONTEXT","Open Chronicle Journal","/","AVAILABLE","Player","AREA_DEPENDENT","PARENT_OR_MEANINGFUL_ONWARD_ACTION","NOT_DECLARED_IN_ROUTE_SOURCE","RETRY_OR_STABLE_PARENT","AVAILABLE_WORKSPACE_OR_HOME","STABLE_CONTEXT_AND_RETURN","FUNCTIONALLY_EQUIVALENT","PENDING_EXACT_SOURCE_BROWSER","IMPLEMENTED_PENDING_BROWSER_VALIDATION"
"route-page-register","/register","route-page-sign-in","SHELL_OR_SECTION_CONTEXT","Safe return","/sign-in","TRANSFORMED","Account lifecycle","AREA_DEPENDENT","PARENT_OR_MEANINGFUL_ONWARD_ACTION","NOT_DECLARED_IN_ROUTE_SOURCE","RETRY_OR_STABLE_PARENT","AVAILABLE_WORKSPACE_OR_HOME","STABLE_CONTEXT_AND_RETURN","FUNCTIONALLY_EQUIVALENT","PENDING_EXACT_SOURCE_BROWSER","IMPLEMENTED_PENDING_BROWSER_VALIDATION"
"route-page-sign-in","/sign-in","route-page-root","SHELL_OR_SECTION_CONTEXT","Safe return","/","TRANSFORMED","Account lifecycle","AREA_DEPENDENT","PARENT_OR_MEANINGFUL_ONWARD_ACTION","NOT_DECLARED_IN_ROUTE_SOURCE","RETRY_OR_STABLE_PARENT","AVAILABLE_WORKSPACE_OR_HOME","STABLE_CONTEXT_AND_RETURN","FUNCTIONALLY_EQUIVALENT","PENDING_EXACT_SOURCE_BROWSER","IMPLEMENTED_PENDING_BROWSER_VALIDATION"
"route-page-studio-exchange","/studio/exchange","route-page-studio-library","SHELL_OR_SECTION_CONTEXT","Home","/studio/library","AVAILABLE","Creator Studio","AREA_DEPENDENT","PARENT_OR_MEANINGFUL_ONWARD_ACTION","NOT_DECLARED_IN_ROUTE_SOURCE","RETRY_OR_STABLE_PARENT","AVAILABLE_WORKSPACE_OR_HOME","STABLE_CONTEXT_AND_RETURN","FUNCTIONALLY_EQUIVALENT","PENDING_EXACT_SOURCE_BROWSER","IMPLEMENTED_PENDING_BROWSER_VALIDATION"
"route-page-studio-library","/studio/library","route-page-root","SHELL_OR_SECTION_CONTEXT","Home","/","AVAILABLE","Creator Studio","AREA_DEPENDENT","PARENT_OR_MEANINGFUL_ONWARD_ACTION","NOT_DECLARED_IN_ROUTE_SOURCE","RETRY_OR_STABLE_PARENT","AVAILABLE_WORKSPACE_OR_HOME","STABLE_CONTEXT_AND_RETURN","FUNCTIONALLY_EQUIVALENT","PENDING_EXACT_SOURCE_BROWSER","IMPLEMENTED_PENDING_BROWSER_VALIDATION"
"route-page-studio-private-content","/studio/private-content","route-page-studio-library","SHELL_OR_SECTION_CONTEXT","Home","/studio/library","AVAILABLE","Creator Studio","AREA_DEPENDENT","PARENT_OR_MEANINGFUL_ONWARD_ACTION","NOT_DECLARED_IN_ROUTE_SOURCE","RETRY_OR_STABLE_PARENT","AVAILABLE_WORKSPACE_OR_HOME","STABLE_CONTEXT_AND_RETURN","FUNCTIONALLY_EQUIVALENT","PENDING_EXACT_SOURCE_BROWSER","IMPLEMENTED_PENDING_BROWSER_VALIDATION"
"route-page-studio-tales-new","/studio/tales/new","route-page-studio-library","SHELL_OR_SECTION_CONTEXT","Home","/studio/library","AVAILABLE","Creator Studio","AREA_DEPENDENT","PARENT_OR_MEANINGFUL_ONWARD_ACTION","NOT_DECLARED_IN_ROUTE_SOURCE","RETRY_OR_STABLE_PARENT","AVAILABLE_WORKSPACE_OR_HOME","STABLE_CONTEXT_AND_RETURN","FUNCTIONALLY_EQUIVALENT","PENDING_EXACT_SOURCE_BROWSER","IMPLEMENTED_PENDING_BROWSER_VALIDATION"
"route-page-tales","/tales","route-page-root","SHELL_OR_SECTION_CONTEXT","Home","/","AVAILABLE","Voyage runtime","AREA_DEPENDENT","PARENT_OR_MEANINGFUL_ONWARD_ACTION","NOT_DECLARED_IN_ROUTE_SOURCE","RETRY_OR_STABLE_PARENT","AVAILABLE_WORKSPACE_OR_HOME","STABLE_CONTEXT_AND_RETURN","FUNCTIONALLY_EQUIVALENT","PENDING_EXACT_SOURCE_BROWSER","IMPLEMENTED_PENDING_BROWSER_VALIDATION"
"route-page-captain-sessions-sessionid","/captain/sessions/[sessionId]","route-page-captain-library","SOURCE_OR_CONTEXT_BREADCRUMB","Safe return","/captain/library","TRANSFORMED","Captain","SOURCE_COLLECTION","PARENT_OR_MEANINGFUL_ONWARD_ACTION","NOT_DECLARED_IN_ROUTE_SOURCE","RETRY_OR_STABLE_PARENT","AVAILABLE_WORKSPACE_OR_HOME","STABLE_CONTEXT_AND_RETURN","FUNCTIONALLY_EQUIVALENT","PENDING_EXACT_SOURCE_BROWSER","IMPLEMENTED_PENDING_BROWSER_VALIDATION"
"route-page-captain-tales-taleid","/captain/tales/[taleId]","route-page-captain-library","SOURCE_OR_CONTEXT_BREADCRUMB","Home","/captain/library","AVAILABLE","Captain","SOURCE_COLLECTION","PARENT_OR_MEANINGFUL_ONWARD_ACTION","NOT_DECLARED_IN_ROUTE_SOURCE","RETRY_OR_STABLE_PARENT","AVAILABLE_WORKSPACE_OR_HOME","STABLE_CONTEXT_AND_RETURN","FUNCTIONALLY_EQUIVALENT","PENDING_EXACT_SOURCE_BROWSER","IMPLEMENTED_PENDING_BROWSER_VALIDATION"
"route-page-captain-voyages-playthroughid-player-preview","/captain/voyages/[playthroughId]/player-preview","route-page-captain-library","SOURCE_OR_CONTEXT_BREADCRUMB","Home","/captain/library","AVAILABLE","Captain","SOURCE_COLLECTION","PARENT_OR_MEANINGFUL_ONWARD_ACTION","NOT_DECLARED_IN_ROUTE_SOURCE","RETRY_OR_STABLE_PARENT","AVAILABLE_WORKSPACE_OR_HOME","STABLE_CONTEXT_AND_RETURN","FUNCTIONALLY_EQUIVALENT","PENDING_EXACT_SOURCE_BROWSER","IMPLEMENTED_PENDING_BROWSER_VALIDATION"
"route-page-chronicles-taleslug","/chronicles/[taleSlug]","route-page-tales","SOURCE_OR_CONTEXT_BREADCRUMB","Home","/tales","AVAILABLE","Gateway and public shell","SOURCE_COLLECTION","PARENT_OR_MEANINGFUL_ONWARD_ACTION","NOT_DECLARED_IN_ROUTE_SOURCE","RETRY_OR_STABLE_PARENT","AVAILABLE_WORKSPACE_OR_HOME","STABLE_CONTEXT_AND_RETURN","FUNCTIONALLY_EQUIVALENT","PENDING_EXACT_SOURCE_BROWSER","IMPLEMENTED_PENDING_BROWSER_VALIDATION"
"route-page-community-slug","/community/[slug]","route-page-community-chronicles","SOURCE_OR_CONTEXT_BREADCRUMB","Home","/community/chronicles","AVAILABLE","Community Harbor","SOURCE_COLLECTION","PARENT_OR_MEANINGFUL_ONWARD_ACTION","NOT_DECLARED_IN_ROUTE_SOURCE","RETRY_OR_STABLE_PARENT","AVAILABLE_WORKSPACE_OR_HOME","STABLE_CONTEXT_AND_RETURN","FUNCTIONALLY_EQUIVALENT","PENDING_EXACT_SOURCE_BROWSER","IMPLEMENTED_PENDING_BROWSER_VALIDATION"
"route-page-community-collections-slug","/community/collections/[slug]","route-page-community-collections","SOURCE_OR_CONTEXT_BREADCRUMB","Home","/community/collections","AVAILABLE","Community Harbor","SOURCE_COLLECTION","PARENT_OR_MEANINGFUL_ONWARD_ACTION","SOURCE_DECLARED","RETRY_OR_STABLE_PARENT","AVAILABLE_WORKSPACE_OR_HOME","STABLE_CONTEXT_AND_RETURN","FUNCTIONALLY_EQUIVALENT","PENDING_EXACT_SOURCE_BROWSER","IMPLEMENTED_PENDING_BROWSER_VALIDATION"
"route-page-community-creators-handle","/community/creators/[handle]","route-page-community-creators","SOURCE_OR_CONTEXT_BREADCRUMB","Home","/community/creators","AVAILABLE","Community Harbor","SOURCE_COLLECTION","PARENT_OR_MEANINGFUL_ONWARD_ACTION","SOURCE_DECLARED","RETRY_OR_STABLE_PARENT","AVAILABLE_WORKSPACE_OR_HOME","STABLE_CONTEXT_AND_RETURN","FUNCTIONALLY_EQUIVALENT","PENDING_EXACT_SOURCE_BROWSER","IMPLEMENTED_PENDING_BROWSER_VALIDATION"
"route-page-community-guides-slug","/community/guides/[slug]","route-page-community-guides","SOURCE_OR_CONTEXT_BREADCRUMB","Home","/community/guides","AVAILABLE","Community Harbor","SOURCE_COLLECTION","PARENT_OR_MEANINGFUL_ONWARD_ACTION","NOT_DECLARED_IN_ROUTE_SOURCE","RETRY_OR_STABLE_PARENT","AVAILABLE_WORKSPACE_OR_HOME","STABLE_CONTEXT_AND_RETURN","FUNCTIONALLY_EQUIVALENT","PENDING_EXACT_SOURCE_BROWSER","IMPLEMENTED_PENDING_BROWSER_VALIDATION"
"route-page-community-moderation-id","/community/moderation/[id]","route-page-community-moderation","SOURCE_OR_CONTEXT_BREADCRUMB","Home","/community/moderation","AVAILABLE","Community Harbor","SOURCE_COLLECTION","PARENT_OR_MEANINGFUL_ONWARD_ACTION","NOT_DECLARED_IN_ROUTE_SOURCE","RETRY_OR_STABLE_PARENT","AVAILABLE_WORKSPACE_OR_HOME","STABLE_CONTEXT_AND_RETURN","FUNCTIONALLY_EQUIVALENT","PENDING_EXACT_SOURCE_BROWSER","IMPLEMENTED_PENDING_BROWSER_VALIDATION"
"route-page-community-voyage-logs-slug","/community/voyage-logs/[slug]","route-page-community-voyage-logs","SOURCE_OR_CONTEXT_BREADCRUMB","Home","/community/voyage-logs","AVAILABLE","Community Harbor","SOURCE_COLLECTION","PARENT_OR_MEANINGFUL_ONWARD_ACTION","NOT_DECLARED_IN_ROUTE_SOURCE","RETRY_OR_STABLE_PARENT","AVAILABLE_WORKSPACE_OR_HOME","STABLE_CONTEXT_AND_RETURN","FUNCTIONALLY_EQUIVALENT","PENDING_EXACT_SOURCE_BROWSER","IMPLEMENTED_PENDING_BROWSER_VALIDATION"
"route-page-community-voyage-logs-owner-id","/community/voyage-logs/owner/[id]","route-page-community-voyage-logs-owner","SOURCE_OR_CONTEXT_BREADCRUMB","Home","/community/voyage-logs/owner","AVAILABLE","Community Harbor","SOURCE_COLLECTION","PARENT_OR_MEANINGFUL_ONWARD_ACTION","NOT_DECLARED_IN_ROUTE_SOURCE","RETRY_OR_STABLE_PARENT","AVAILABLE_WORKSPACE_OR_HOME","STABLE_CONTEXT_AND_RETURN","FUNCTIONALLY_EQUIVALENT","PENDING_EXACT_SOURCE_BROWSER","IMPLEMENTED_PENDING_BROWSER_VALIDATION"
"route-page-passport-artifacts-artifactId","/passport/artifacts/[artifactId]","route-page-passport-artifacts","SOURCE_OR_CONTEXT_BREADCRUMB","Home","/passport/artifacts","AVAILABLE","Personal Harbor","SOURCE_COLLECTION","PARENT_OR_MEANINGFUL_ONWARD_ACTION","NOT_DECLARED_IN_ROUTE_SOURCE","RETRY_OR_STABLE_PARENT","AVAILABLE_WORKSPACE_OR_HOME","STABLE_CONTEXT_AND_RETURN","FUNCTIONALLY_EQUIVALENT","PENDING_EXACT_SOURCE_BROWSER","IMPLEMENTED_PENDING_BROWSER_VALIDATION"
"route-page-passport-history-recordId","/passport/history/[recordId]","route-page-passport-history","SOURCE_OR_CONTEXT_BREADCRUMB","Home","/passport/history","AVAILABLE","Personal Harbor","SOURCE_COLLECTION","PARENT_OR_MEANINGFUL_ONWARD_ACTION","NOT_DECLARED_IN_ROUTE_SOURCE","RETRY_OR_STABLE_PARENT","AVAILABLE_WORKSPACE_OR_HOME","STABLE_CONTEXT_AND_RETURN","FUNCTIONALLY_EQUIVALENT","PENDING_EXACT_SOURCE_BROWSER","IMPLEMENTED_PENDING_BROWSER_VALIDATION"
"route-page-play-taleslug","/play/[taleSlug]","route-page-tales","SOURCE_OR_CONTEXT_BREADCRUMB","View this browser's Voyage History","/tales","AVAILABLE","Voyage runtime","SOURCE_COLLECTION","PARENT_OR_MEANINGFUL_ONWARD_ACTION","NOT_DECLARED_IN_ROUTE_SOURCE","RETRY_OR_STABLE_PARENT","AVAILABLE_WORKSPACE_OR_HOME","STABLE_CONTEXT_AND_RETURN","FUNCTIONALLY_EQUIVALENT","PENDING_EXACT_SOURCE_BROWSER","IMPLEMENTED_PENDING_BROWSER_VALIDATION"
"route-page-play-taleslug-history","/play/[taleSlug]/history","route-page-play-taleslug","SOURCE_OR_CONTEXT_BREADCRUMB","Home","/play/[taleSlug]","AVAILABLE","Voyage runtime","SOURCE_COLLECTION","PARENT_OR_MEANINGFUL_ONWARD_ACTION","NOT_DECLARED_IN_ROUTE_SOURCE","RETRY_OR_STABLE_PARENT","AVAILABLE_WORKSPACE_OR_HOME","STABLE_CONTEXT_AND_RETURN","FUNCTIONALLY_EQUIVALENT","PENDING_EXACT_SOURCE_BROWSER","IMPLEMENTED_PENDING_BROWSER_VALIDATION"
"route-page-play-taleslug-session-sessionid","/play/[taleSlug]/session/[sessionId]","route-page-play-taleslug","SOURCE_OR_CONTEXT_BREADCRUMB","Safe return","/play/[taleSlug]","TRANSFORMED","Voyage runtime","SOURCE_COLLECTION","PARENT_OR_MEANINGFUL_ONWARD_ACTION","NOT_DECLARED_IN_ROUTE_SOURCE","RETRY_OR_STABLE_PARENT","AVAILABLE_WORKSPACE_OR_HOME","STABLE_CONTEXT_AND_RETURN","FUNCTIONALLY_EQUIVALENT","PENDING_EXACT_SOURCE_BROWSER","IMPLEMENTED_PENDING_BROWSER_VALIDATION"
"route-page-player-playthroughs-playthroughid","/player/playthroughs/[playthroughId]","route-page-player-library","SOURCE_OR_CONTEXT_BREADCRUMB","Safe return","/player/library","TRANSFORMED","Player","SOURCE_COLLECTION","PARENT_OR_MEANINGFUL_ONWARD_ACTION","NOT_DECLARED_IN_ROUTE_SOURCE","RETRY_OR_STABLE_PARENT","AVAILABLE_WORKSPACE_OR_HOME","STABLE_CONTEXT_AND_RETURN","FUNCTIONALLY_EQUIVALENT","PENDING_EXACT_SOURCE_BROWSER","IMPLEMENTED_PENDING_BROWSER_VALIDATION"
"route-page-player-playthroughs-playthroughid-journal","/player/playthroughs/[playthroughId]/journal","route-page-player-library","SOURCE_OR_CONTEXT_BREADCRUMB","Safe return","/player/library","TRANSFORMED","Player","SOURCE_COLLECTION","PARENT_OR_MEANINGFUL_ONWARD_ACTION","NOT_DECLARED_IN_ROUTE_SOURCE","RETRY_OR_STABLE_PARENT","AVAILABLE_WORKSPACE_OR_HOME","STABLE_CONTEXT_AND_RETURN","FUNCTIONALLY_EQUIVALENT","PENDING_EXACT_SOURCE_BROWSER","IMPLEMENTED_PENDING_BROWSER_VALIDATION"
"route-page-profile-handle","/profile/[handle]","route-page-tales","SOURCE_OR_CONTEXT_BREADCRUMB","Home","/tales","AVAILABLE","Personal Harbor","SOURCE_COLLECTION","PARENT_OR_MEANINGFUL_ONWARD_ACTION","SOURCE_DECLARED","RETRY_OR_STABLE_PARENT","AVAILABLE_WORKSPACE_OR_HOME","STABLE_CONTEXT_AND_RETURN","FUNCTIONALLY_EQUIVALENT","PENDING_EXACT_SOURCE_BROWSER","IMPLEMENTED_PENDING_BROWSER_VALIDATION"
"route-page-studio-tales-taleid","/studio/tales/[taleId]","route-page-studio-library","SOURCE_OR_CONTEXT_BREADCRUMB","Home","/studio/library","AVAILABLE","Creator Studio","SOURCE_COLLECTION","PARENT_OR_MEANINGFUL_ONWARD_ACTION","NOT_DECLARED_IN_ROUTE_SOURCE","RETRY_OR_STABLE_PARENT","AVAILABLE_WORKSPACE_OR_HOME","STABLE_CONTEXT_AND_RETURN","FUNCTIONALLY_EQUIVALENT","PENDING_EXACT_SOURCE_BROWSER","IMPLEMENTED_PENDING_BROWSER_VALIDATION"
"route-page-studio-tales-taleid-artifacts","/studio/tales/[taleId]/artifacts","route-page-studio-library","SOURCE_OR_CONTEXT_BREADCRUMB","Home","/studio/library","AVAILABLE","Creator Studio","SOURCE_COLLECTION","PARENT_OR_MEANINGFUL_ONWARD_ACTION","NOT_DECLARED_IN_ROUTE_SOURCE","RETRY_OR_STABLE_PARENT","AVAILABLE_WORKSPACE_OR_HOME","STABLE_CONTEXT_AND_RETURN","FUNCTIONALLY_EQUIVALENT","PENDING_EXACT_SOURCE_BROWSER","IMPLEMENTED_PENDING_BROWSER_VALIDATION"
"route-page-studio-tales-taleid-assets","/studio/tales/[taleId]/assets","route-page-studio-library","SOURCE_OR_CONTEXT_BREADCRUMB","Home","/studio/library","AVAILABLE","Creator Studio","SOURCE_COLLECTION","PARENT_OR_MEANINGFUL_ONWARD_ACTION","NOT_DECLARED_IN_ROUTE_SOURCE","RETRY_OR_STABLE_PARENT","AVAILABLE_WORKSPACE_OR_HOME","STABLE_CONTEXT_AND_RETURN","FUNCTIONALLY_EQUIVALENT","PENDING_EXACT_SOURCE_BROWSER","IMPLEMENTED_PENDING_BROWSER_VALIDATION"
"route-page-studio-tales-taleid-locations","/studio/tales/[taleId]/locations","route-page-studio-library","SOURCE_OR_CONTEXT_BREADCRUMB","Home","/studio/library","AVAILABLE","Creator Studio","SOURCE_COLLECTION","PARENT_OR_MEANINGFUL_ONWARD_ACTION","NOT_DECLARED_IN_ROUTE_SOURCE","RETRY_OR_STABLE_PARENT","AVAILABLE_WORKSPACE_OR_HOME","STABLE_CONTEXT_AND_RETURN","FUNCTIONALLY_EQUIVALENT","PENDING_EXACT_SOURCE_BROWSER","IMPLEMENTED_PENDING_BROWSER_VALIDATION"
"route-page-studio-tales-taleid-settings","/studio/tales/[taleId]/settings","route-page-studio-library","SOURCE_OR_CONTEXT_BREADCRUMB","Home","/studio/library","AVAILABLE","Creator Studio","SOURCE_COLLECTION","PARENT_OR_MEANINGFUL_ONWARD_ACTION","NOT_DECLARED_IN_ROUTE_SOURCE","RETRY_OR_STABLE_PARENT","AVAILABLE_WORKSPACE_OR_HOME","STABLE_CONTEXT_AND_RETURN","FUNCTIONALLY_EQUIVALENT","PENDING_EXACT_SOURCE_BROWSER","IMPLEMENTED_PENDING_BROWSER_VALIDATION"
"route-page-studio-tales-taleid-versions","/studio/tales/[taleId]/versions","route-page-studio-library","SOURCE_OR_CONTEXT_BREADCRUMB","Home","/studio/library","AVAILABLE","Creator Studio","SOURCE_COLLECTION","PARENT_OR_MEANINGFUL_ONWARD_ACTION","NOT_DECLARED_IN_ROUTE_SOURCE","RETRY_OR_STABLE_PARENT","AVAILABLE_WORKSPACE_OR_HOME","STABLE_CONTEXT_AND_RETURN","FUNCTIONALLY_EQUIVALENT","PENDING_EXACT_SOURCE_BROWSER","IMPLEMENTED_PENDING_BROWSER_VALIDATION"
