"finding_id","acceptance_id","acceptance_criterion","source_authority","planned_source_locations","required_tests","required_evidence","final_status","limitation"
"HP-OWCR2-001","HP-OWCR2-AC-001","Source-bound proof satisfies the owner requirement: Player, Captain, and Creator selection icons still move structurally on hover.","Project_Homeport_Home_Ambient_and_Role_Card_Motion_Contract.md","src/styles/landing.css;src/components/landing/HarborLanding.tsx;src/components/shell/ProductShell.tsx","homeport.owner-correction.round2.motion","HP-OWCR2-EV-B-ROLE-CARDS-HOVER","PASSED","Exact-source local synthetic proof passed; Codex visual review is ACCEPTED where applicable. Owner re-review, merge, deployment, and live providers remain external."
"HP-OWCR2-002","HP-OWCR2-AC-002","Source-bound proof satisfies the owner requirement: The icons jump to another position, remain there briefly, and move back.","Project_Homeport_Home_Ambient_and_Role_Card_Motion_Contract.md","src/styles/landing.css;src/components/landing/HarborLanding.tsx;src/components/shell/ProductShell.tsx","homeport.owner-correction.round2.motion","HP-OWCR2-EV-B-ROLE-CARDS-HOVER","PASSED","Exact-source local synthetic proof passed; Codex visual review is ACCEPTED where applicable. Owner re-review, merge, deployment, and live providers remain external."
"HP-OWCR2-003","HP-OWCR2-AC-003","Source-bound proof satisfies the owner requirement: Structural card layout must never change on hover.","Project_Homeport_Home_Ambient_and_Role_Card_Motion_Contract.md","src/styles/landing.css;src/components/landing/HarborLanding.tsx;src/components/shell/ProductShell.tsx","homeport.owner-correction.round2.motion","HP-OWCR2-EV-B-ROLE-CARDS-HOVER","PASSED","Exact-source local synthetic proof passed; Codex visual review is ACCEPTED where applicable. Owner re-review, merge, deployment, and live providers remain external."
"HP-OWCR2-004","HP-OWCR2-AC-004","Source-bound proof satisfies the owner requirement: The account/Profile dropdown still appears to have no visible animation.","Project_Homeport_Home_Ambient_and_Role_Card_Motion_Contract.md","src/styles/landing.css;src/components/landing/HarborLanding.tsx;src/components/shell/ProductShell.tsx","homeport.owner-correction.round2.motion","HP-OWCR2-EV-C-ACCOUNT-MENU-OPENING","PASSED","Exact-source local synthetic proof passed; Codex visual review is ACCEPTED where applicable. Owner re-review, merge, deployment, and live providers remain external."
"HP-OWCR2-005","HP-OWCR2-AC-005","Source-bound proof satisfies the owner requirement: The lantern now swings more, but its swing is offset too far to the left.","Project_Homeport_Home_Ambient_and_Role_Card_Motion_Contract.md","src/styles/landing.css;src/components/landing/HarborLanding.tsx;src/components/shell/ProductShell.tsx","homeport.owner-correction.round2.motion","HP-OWCR2-EV-D-LANTERN-NEUTRAL","PASSED","Exact-source local synthetic proof passed; Codex visual review is ACCEPTED where applicable. Owner re-review, merge, deployment, and live providers remain external."
"HP-OWCR2-006","HP-OWCR2-AC-006","Source-bound proof satisfies the owner requirement: The lantern must rotate around the physical hanging point with a balanced left/right arc.","Project_Homeport_Home_Ambient_and_Role_Card_Motion_Contract.md","src/styles/landing.css;src/components/landing/HarborLanding.tsx;src/components/shell/ProductShell.tsx","homeport.owner-correction.round2.motion","HP-OWCR2-EV-D-LANTERN-NEUTRAL","PASSED","Exact-source local synthetic proof passed; Codex visual review is ACCEPTED where applicable. Owner re-review, merge, deployment, and live providers remain external."
"HP-OWCR2-007","HP-OWCR2-AC-007","Source-bound proof satisfies the owner requirement: Home-page star twinkles are not perceptible.","Project_Homeport_Home_Ambient_and_Role_Card_Motion_Contract.md","src/styles/landing.css;src/components/landing/HarborLanding.tsx;src/components/shell/ProductShell.tsx","homeport.owner-correction.round2.motion","HP-OWCR2-EV-G-STAR-TWINKLE","PASSED","Exact-source local synthetic proof passed; Codex visual review is ACCEPTED where applicable. Owner re-review, merge, deployment, and live providers remain external."
"HP-OWCR2-008","HP-OWCR2-AC-008","Source-bound proof satisfies the owner requirement: Star twinkles must be visible but restrained.","Project_Homeport_Home_Ambient_and_Role_Card_Motion_Contract.md","src/styles/landing.css;src/components/landing/HarborLanding.tsx;src/components/shell/ProductShell.tsx","homeport.owner-correction.round2.motion","HP-OWCR2-EV-G-STAR-TWINKLE","PASSED","Exact-source local synthetic proof passed; Codex visual review is ACCEPTED where applicable. Owner re-review, merge, deployment, and live providers remain external."
"HP-OWCR2-009","HP-OWCR2-AC-009","Source-bound proof satisfies the owner requirement: Fog and ambient motion must remain coherent with reduced motion.","Project_Homeport_Home_Ambient_and_Role_Card_Motion_Contract.md","src/styles/landing.css;src/components/landing/HarborLanding.tsx;src/components/shell/ProductShell.tsx","homeport.owner-correction.round2.motion","HP-OWCR2-EV-H-FOG-DRIFT","PASSED","Exact-source local synthetic proof passed; Codex visual review is ACCEPTED where applicable. Owner re-review, merge, deployment, and live providers remain external."
"HP-OWCR2-010","HP-OWCR2-AC-010","Source-bound proof satisfies the owner requirement: “What is a Chronicle” was incorrectly changed to a bright washed-out card.","Project_Homeport_Global_Theme_and_Visual_Token_Contract.md","src/theme/ThemeProvider.tsx;src/styles/tokens.css;src/app/layout.tsx","homeport.owner-correction.round2.theme","HP-OWCR2-EV-I-DARK-WHAT-IS-A-CHRONICLE","PASSED","Exact-source local synthetic proof passed; Codex visual review is ACCEPTED where applicable. Owner re-review, merge, deployment, and live providers remain external."
"HP-OWCR2-011","HP-OWCR2-AC-011","Source-bound proof satisfies the owner requirement: Other major cards also acquired inconsistent pale surfaces.","Project_Homeport_Global_Theme_and_Visual_Token_Contract.md","src/theme/ThemeProvider.tsx;src/styles/tokens.css;src/app/layout.tsx","homeport.owner-correction.round2.theme","HP-OWCR2-EV-I-DARK-WHAT-IS-A-CHRONICLE","PASSED","Exact-source local synthetic proof passed; Codex visual review is ACCEPTED where applicable. Owner re-review, merge, deployment, and live providers remain external."
"HP-OWCR2-012","HP-OWCR2-AC-012","Source-bound proof satisfies the owner requirement: Dark mode must be restored as a complete coherent dark theme.","Project_Homeport_Global_Theme_and_Visual_Token_Contract.md","src/theme/ThemeProvider.tsx;src/styles/tokens.css;src/app/layout.tsx","homeport.owner-correction.round2.theme","HP-OWCR2-EV-I-DARK-WHAT-IS-A-CHRONICLE","PASSED","Exact-source local synthetic proof passed; Codex visual review is ACCEPTED where applicable. Owner re-review, merge, deployment, and live providers remain external."
"HP-OWCR2-013","HP-OWCR2-AC-013","Source-bound proof satisfies the owner requirement: A real global Light Mode should be implemented for the complete product.","Project_Homeport_Global_Theme_and_Visual_Token_Contract.md","src/theme/ThemeProvider.tsx;src/styles/tokens.css;src/app/layout.tsx","homeport.owner-correction.round2.theme","HP-OWCR2-EV-J-LIGHT-GATEWAY","PASSED","Exact-source local synthetic proof passed; Codex visual review is ACCEPTED where applicable. Owner re-review, merge, deployment, and live providers remain external."
"HP-OWCR2-014","HP-OWCR2-AC-014","Source-bound proof satisfies the owner requirement: Light Mode must apply consistently rather than producing mixed dark/light pages.","Project_Homeport_Global_Theme_and_Visual_Token_Contract.md","src/theme/ThemeProvider.tsx;src/styles/tokens.css;src/app/layout.tsx","homeport.owner-correction.round2.theme","HP-OWCR2-EV-J-LIGHT-GATEWAY","PASSED","Exact-source local synthetic proof passed; Codex visual review is ACCEPTED where applicable. Owner re-review, merge, deployment, and live providers remain external."
"HP-OWCR2-015","HP-OWCR2-AC-015","Source-bound proof satisfies the owner requirement: Personal Harbor inactive links and ordinary body text became too gray.","Project_Homeport_Global_Theme_and_Visual_Token_Contract.md","src/theme/ThemeProvider.tsx;src/styles/tokens.css;src/app/layout.tsx","homeport.owner-correction.round2.theme","HP-OWCR2-EV-X-PERSONAL-HARBOR-CONTRAST","PASSED","Exact-source local synthetic proof passed; Codex visual review is ACCEPTED where applicable. Owner re-review, merge, deployment, and live providers remain external."
"HP-OWCR2-016","HP-OWCR2-AC-016","Source-bound proof satisfies the owner requirement: Ordinary readable text must remain clearly readable.","Project_Homeport_Global_Theme_and_Visual_Token_Contract.md","src/theme/ThemeProvider.tsx;src/styles/tokens.css;src/app/layout.tsx","homeport.owner-correction.round2.theme","HP-OWCR2-EV-X-PERSONAL-HARBOR-CONTRAST","PASSED","Exact-source local synthetic proof passed; Codex visual review is ACCEPTED where applicable. Owner re-review, merge, deployment, and live providers remain external."
"HP-OWCR2-017","HP-OWCR2-AC-017","Source-bound proof satisfies the owner requirement: Section headings, inactive links, metadata, secondary text, and disabled text require distinct tokens.","Project_Homeport_Global_Theme_and_Visual_Token_Contract.md","src/theme/ThemeProvider.tsx;src/styles/tokens.css;src/app/layout.tsx","homeport.owner-correction.round2.theme","HP-OWCR2-EV-X-PERSONAL-HARBOR-CONTRAST","PASSED","Exact-source local synthetic proof passed; Codex visual review is ACCEPTED where applicable. Owner re-review, merge, deployment, and live providers remain external."
"HP-OWCR2-018","HP-OWCR2-AC-018","Source-bound proof satisfies the owner requirement: A repository-wide contrast and token audit is required.","Project_Homeport_Global_Theme_and_Visual_Token_Contract.md","src/theme/ThemeProvider.tsx;src/styles/tokens.css;src/app/layout.tsx","homeport.owner-correction.round2.theme","HP-OWCR2-EV-Y-COMMUNITY-CONTRAST","PASSED","Exact-source local synthetic proof passed; Codex visual review is ACCEPTED where applicable. Owner re-review, merge, deployment, and live providers remain external."
"HP-OWCR2-019","HP-OWCR2-AC-019","Source-bound proof satisfies the owner requirement: Sera still receives incorrect permission denial when opening Captain.","Project_Homeport_Runtime_Fixture_Parity_Contract.md","scripts/homeport/seed-phase7-owner-correction-round2-fixture.mjs;tests/e2e/homeport-phase7-owner-correction-round2.spec.ts","homeport.owner-correction.round2.sera-capabilities","HP-OWCR2-EV-M-SERA-WORKSPACES","PASSED","Exact-source local synthetic proof passed; Codex visual review is ACCEPTED where applicable. Owner re-review, merge, deployment, and live providers remain external."
"HP-OWCR2-020","HP-OWCR2-AC-020","Source-bound proof satisfies the owner requirement: Sera still receives incorrect permission denial when opening Creator.","Project_Homeport_Runtime_Fixture_Parity_Contract.md","scripts/homeport/seed-phase7-owner-correction-round2-fixture.mjs;tests/e2e/homeport-phase7-owner-correction-round2.spec.ts","homeport.owner-correction.round2.sera-capabilities","HP-OWCR2-EV-M-SERA-WORKSPACES","PASSED","Exact-source local synthetic proof passed; Codex visual review is ACCEPTED where applicable. Owner re-review, merge, deployment, and live providers remain external."
"HP-OWCR2-021","HP-OWCR2-AC-021","Source-bound proof satisfies the owner requirement: Sera is not currently participating in an active Chronicle.","Project_Homeport_Runtime_Fixture_Parity_Contract.md","scripts/homeport/seed-phase7-owner-correction-round2-fixture.mjs;tests/e2e/homeport-phase7-owner-correction-round2.spec.ts","homeport.owner-correction.round2.sera-capabilities","HP-OWCR2-EV-M-SERA-WORKSPACES","PASSED","Exact-source local synthetic proof passed; Codex visual review is ACCEPTED where applicable. Owner re-review, merge, deployment, and live providers remain external."
"HP-OWCR2-022","HP-OWCR2-AC-022","Source-bound proof satisfies the owner requirement: The final owner-review database did not reflect the intended one-account, three-workspace model.","Project_Homeport_Runtime_Fixture_Parity_Contract.md","scripts/homeport/seed-phase7-owner-correction-round2-fixture.mjs;tests/e2e/homeport-phase7-owner-correction-round2.spec.ts","homeport.owner-correction.round2.sera-capabilities","HP-OWCR2-EV-M-SERA-WORKSPACES","PASSED","Exact-source local synthetic proof passed; Codex visual review is ACCEPTED where applicable. Owner re-review, merge, deployment, and live providers remain external."
"HP-OWCR2-023","HP-OWCR2-AC-023","Source-bound proof satisfies the owner requirement: The capability fix must work in the actual owner-review runtime, not only automated journey clones.","Project_Homeport_Runtime_Fixture_Parity_Contract.md","scripts/homeport/seed-phase7-owner-correction-round2-fixture.mjs;tests/e2e/homeport-phase7-owner-correction-round2.spec.ts","homeport.owner-correction.round2.sera-capabilities","HP-OWCR2-EV-M-SERA-WORKSPACES","PASSED","Exact-source local synthetic proof passed; Codex visual review is ACCEPTED where applicable. Owner re-review, merge, deployment, and live providers remain external."
"HP-OWCR2-024","HP-OWCR2-AC-024","Source-bound proof satisfies the owner requirement: The system must diagnose and repair existing claimed accounts missing Player, Captain, or Creator capability setup.","Project_Homeport_Runtime_Fixture_Parity_Contract.md","scripts/homeport/seed-phase7-owner-correction-round2-fixture.mjs;tests/e2e/homeport-phase7-owner-correction-round2.spec.ts","homeport.owner-correction.round2.sera-capabilities","HP-OWCR2-EV-M-SERA-WORKSPACES","PASSED","Exact-source local synthetic proof passed; Codex visual review is ACCEPTED where applicable. Owner re-review, merge, deployment, and live providers remain external."
"HP-OWCR2-025","HP-OWCR2-AC-025","Source-bound proof satisfies the owner requirement: Creating a review can require a “Community Profile.”","Project_Homeport_Public_Profile_and_Community_Identity_Contract.md","src/components/homeport/AccountSurfaces.tsx;src/components/community/CommunityReviewList.tsx;src/app/profile/[handle]/page.tsx","homeport.owner-correction.round2.public-profile-community-identity","HP-OWCR2-EV-Q-PUBLIC-PROFILE-REVIEW","PASSED","Exact-source local synthetic proof passed; Codex visual review is ACCEPTED where applicable. Owner re-review, merge, deployment, and live providers remain external."
"HP-OWCR2-026","HP-OWCR2-AC-026","Source-bound proof satisfies the owner requirement: Personal Harbor exposes no obvious Community Profile creation path.","Project_Homeport_Public_Profile_and_Community_Identity_Contract.md","src/components/homeport/AccountSurfaces.tsx;src/components/community/CommunityReviewList.tsx;src/app/profile/[handle]/page.tsx","homeport.owner-correction.round2.public-profile-community-identity","HP-OWCR2-EV-Q-PUBLIC-PROFILE-REVIEW","PASSED","Exact-source local synthetic proof passed; Codex visual review is ACCEPTED where applicable. Owner re-review, merge, deployment, and live providers remain external."
"HP-OWCR2-027","HP-OWCR2-AC-027","Source-bound proof satisfies the owner requirement: Community identity should be the same public Profile used elsewhere.","Project_Homeport_Public_Profile_and_Community_Identity_Contract.md","src/components/homeport/AccountSurfaces.tsx;src/components/community/CommunityReviewList.tsx;src/app/profile/[handle]/page.tsx","homeport.owner-correction.round2.public-profile-community-identity","HP-OWCR2-EV-Q-PUBLIC-PROFILE-REVIEW","PASSED","Exact-source local synthetic proof passed; Codex visual review is ACCEPTED where applicable. Owner re-review, merge, deployment, and live providers remain external."
"HP-OWCR2-028","HP-OWCR2-AC-028","Source-bound proof satisfies the owner requirement: The user must not understand Community Profile as a second profile product.","Project_Homeport_Public_Profile_and_Community_Identity_Contract.md","src/components/homeport/AccountSurfaces.tsx;src/components/community/CommunityReviewList.tsx;src/app/profile/[handle]/page.tsx","homeport.owner-correction.round2.public-profile-community-identity","HP-OWCR2-EV-Q-PUBLIC-PROFILE-REVIEW","PASSED","Exact-source local synthetic proof passed; Codex visual review is ACCEPTED where applicable. Owner re-review, merge, deployment, and live providers remain external."
"HP-OWCR2-029","HP-OWCR2-AC-029","Source-bound proof satisfies the owner requirement: If a handle or public projection is missing, review flow should link directly to Public Profile setup.","Project_Homeport_Public_Profile_and_Community_Identity_Contract.md","src/components/homeport/AccountSurfaces.tsx;src/components/community/CommunityReviewList.tsx;src/app/profile/[handle]/page.tsx","homeport.owner-correction.round2.public-profile-community-identity","HP-OWCR2-EV-R-PUBLIC-PROFILE-SETUP","PASSED","Exact-source local synthetic proof passed; Codex visual review is ACCEPTED where applicable. Owner re-review, merge, deployment, and live providers remain external."
"HP-OWCR2-030","HP-OWCR2-AC-030","Source-bound proof satisfies the owner requirement: After setup, return to the original review composer.","Project_Homeport_Public_Profile_and_Community_Identity_Contract.md","src/components/homeport/AccountSurfaces.tsx;src/components/community/CommunityReviewList.tsx;src/app/profile/[handle]/page.tsx","homeport.owner-correction.round2.public-profile-community-identity","HP-OWCR2-EV-R-PUBLIC-PROFILE-SETUP","PASSED","Exact-source local synthetic proof passed; Codex visual review is ACCEPTED where applicable. Owner re-review, merge, deployment, and live providers remain external."
"HP-OWCR2-031","HP-OWCR2-AC-031","Source-bound proof satisfies the owner requirement: Existing valid public Profile identity should satisfy Community review identity requirements automatically.","Project_Homeport_Public_Profile_and_Community_Identity_Contract.md","src/components/homeport/AccountSurfaces.tsx;src/components/community/CommunityReviewList.tsx;src/app/profile/[handle]/page.tsx","homeport.owner-correction.round2.public-profile-community-identity","HP-OWCR2-EV-R-PUBLIC-PROFILE-SETUP","PASSED","Exact-source local synthetic proof passed; Codex visual review is ACCEPTED where applicable. Owner re-review, merge, deployment, and live providers remain external."
"HP-OWCR2-032","HP-OWCR2-AC-032","Source-bound proof satisfies the owner requirement: Community district navigation immediately shows a Harbor error.","Project_Homeport_Community_Loading_State_Contract.md","src/components/community/CommunityDiscoveryBrowser.tsx;src/components/community/CommunityReviewList.tsx;src/community/discovery.ts","homeport.owner-correction.round2.community-loading","HP-OWCR2-EV-N-COMMUNITY-FAST-READY","PASSED","Exact-source local synthetic proof passed; Codex visual review is ACCEPTED where applicable. Owner re-review, merge, deployment, and live providers remain external."
"HP-OWCR2-033","HP-OWCR2-AC-033","Source-bound proof satisfies the owner requirement: Retry immediately succeeds.","Project_Homeport_Community_Loading_State_Contract.md","src/components/community/CommunityDiscoveryBrowser.tsx;src/components/community/CommunityReviewList.tsx;src/community/discovery.ts","homeport.owner-correction.round2.community-loading","HP-OWCR2-EV-N-COMMUNITY-FAST-READY","PASSED","Exact-source local synthetic proof passed; Codex visual review is ACCEPTED where applicable. Owner re-review, merge, deployment, and live providers remain external."
"HP-OWCR2-034","HP-OWCR2-AC-034","Source-bound proof satisfies the owner requirement: This behavior occurs on Community subpages/districts.","Project_Homeport_Community_Loading_State_Contract.md","src/components/community/CommunityDiscoveryBrowser.tsx;src/components/community/CommunityReviewList.tsx;src/community/discovery.ts","homeport.owner-correction.round2.community-loading","HP-OWCR2-EV-N-COMMUNITY-FAST-READY","PASSED","Exact-source local synthetic proof passed; Codex visual review is ACCEPTED where applicable. Owner re-review, merge, deployment, and live providers remain external."
"HP-OWCR2-035","HP-OWCR2-AC-035","Source-bound proof satisfies the owner requirement: A pending request is being treated as an error.","Project_Homeport_Community_Loading_State_Contract.md","src/components/community/CommunityDiscoveryBrowser.tsx;src/components/community/CommunityReviewList.tsx;src/community/discovery.ts","homeport.owner-correction.round2.community-loading","HP-OWCR2-EV-N-COMMUNITY-FAST-READY","PASSED","Exact-source local synthetic proof passed; Codex visual review is ACCEPTED where applicable. Owner re-review, merge, deployment, and live providers remain external."
"HP-OWCR2-036","HP-OWCR2-AC-036","Source-bound proof satisfies the owner requirement: Fast successful requests must not show loading or error.","Project_Homeport_Community_Loading_State_Contract.md","src/components/community/CommunityDiscoveryBrowser.tsx;src/components/community/CommunityReviewList.tsx;src/community/discovery.ts","homeport.owner-correction.round2.community-loading","HP-OWCR2-EV-N-COMMUNITY-FAST-READY","PASSED","Exact-source local synthetic proof passed; Codex visual review is ACCEPTED where applicable. Owner re-review, merge, deployment, and live providers remain external."
"HP-OWCR2-037","HP-OWCR2-AC-037","Source-bound proof satisfies the owner requirement: Slow successful requests must show loading only after 500 ms.","Project_Homeport_Community_Loading_State_Contract.md","src/components/community/CommunityDiscoveryBrowser.tsx;src/components/community/CommunityReviewList.tsx;src/community/discovery.ts","homeport.owner-correction.round2.community-loading","HP-OWCR2-EV-O-COMMUNITY-DELAYED-LOADING","PASSED","Exact-source local synthetic proof passed; Codex visual review is ACCEPTED where applicable. Owner re-review, merge, deployment, and live providers remain external."
"HP-OWCR2-038","HP-OWCR2-AC-038","Source-bound proof satisfies the owner requirement: An error panel must appear only after a real request failure or governed timeout.","Project_Homeport_Community_Loading_State_Contract.md","src/components/community/CommunityDiscoveryBrowser.tsx;src/components/community/CommunityReviewList.tsx;src/community/discovery.ts","homeport.owner-correction.round2.community-loading","HP-OWCR2-EV-P-COMMUNITY-REAL-ERROR","PASSED","Exact-source local synthetic proof passed; Codex visual review is ACCEPTED where applicable. Owner re-review, merge, deployment, and live providers remain external."
"HP-OWCR2-039","HP-OWCR2-AC-039","Source-bound proof satisfies the owner requirement: Every Community district must be tested through ordinary navigation.","Project_Homeport_Community_Loading_State_Contract.md","src/components/community/CommunityDiscoveryBrowser.tsx;src/components/community/CommunityReviewList.tsx;src/community/discovery.ts","homeport.owner-correction.round2.community-loading","HP-OWCR2-EV-Y-COMMUNITY-CONTRAST","PASSED","Exact-source local synthetic proof passed; Codex visual review is ACCEPTED where applicable. Owner re-review, merge, deployment, and live providers remain external."
"HP-OWCR2-040","HP-OWCR2-AC-040","Source-bound proof satisfies the owner requirement: The redundant “Current Area” strip should be removed from ordinary Community pages as well as Personal Harbor.","Project_Homeport_Community_Loading_State_Contract.md","src/components/community/CommunityDiscoveryBrowser.tsx;src/components/community/CommunityReviewList.tsx;src/community/discovery.ts","homeport.owner-correction.round2.community-loading","HP-OWCR2-EV-Y-COMMUNITY-CONTRAST","PASSED","Exact-source local synthetic proof passed; Codex visual review is ACCEPTED where applicable. Owner re-review, merge, deployment, and live providers remain external."
"HP-OWCR2-041","HP-OWCR2-AC-041","Source-bound proof satisfies the owner requirement: ProductShell contextual strips must appear only when they communicate real context, permission, session, recovery, or immersive state.","Project_Homeport_Community_Loading_State_Contract.md","src/components/community/CommunityDiscoveryBrowser.tsx;src/components/community/CommunityReviewList.tsx;src/community/discovery.ts","homeport.owner-correction.round2.community-loading","HP-OWCR2-EV-Y-COMMUNITY-CONTRAST","PASSED","Exact-source local synthetic proof passed; Codex visual review is ACCEPTED where applicable. Owner re-review, merge, deployment, and live providers remain external."
"HP-OWCR2-042","HP-OWCR2-AC-042","Source-bound proof satisfies the owner requirement: Community cards/details display values such as “12 saves” and “4.8 stars.”","Project_Homeport_Community_Rating_and_Save_Aggregation_Contract.md","src/components/community/CommunityDiscoveryBrowser.tsx;src/components/community/CommunityReviewList.tsx;src/community/discovery.ts","homeport.owner-correction.round2.community-aggregates","HP-OWCR2-EV-S-SAVE-COUNT","PASSED","Exact-source local synthetic proof passed; Codex visual review is ACCEPTED where applicable. Owner re-review, merge, deployment, and live providers remain external."
"HP-OWCR2-043","HP-OWCR2-AC-043","Source-bound proof satisfies the owner requirement: These values must be real authoritative aggregates.","Project_Homeport_Community_Rating_and_Save_Aggregation_Contract.md","src/components/community/CommunityDiscoveryBrowser.tsx;src/components/community/CommunityReviewList.tsx;src/community/discovery.ts","homeport.owner-correction.round2.community-aggregates","HP-OWCR2-EV-S-SAVE-COUNT","PASSED","Exact-source local synthetic proof passed; Codex visual review is ACCEPTED where applicable. Owner re-review, merge, deployment, and live providers remain external."
"HP-OWCR2-044","HP-OWCR2-AC-044","Source-bound proof satisfies the owner requirement: Save count must derive from active authoritative save records.","Project_Homeport_Community_Rating_and_Save_Aggregation_Contract.md","src/components/community/CommunityDiscoveryBrowser.tsx;src/components/community/CommunityReviewList.tsx;src/community/discovery.ts","homeport.owner-correction.round2.community-aggregates","HP-OWCR2-EV-S-SAVE-COUNT","PASSED","Exact-source local synthetic proof passed; Codex visual review is ACCEPTED where applicable. Owner re-review, merge, deployment, and live providers remain external."
"HP-OWCR2-045","HP-OWCR2-AC-045","Source-bound proof satisfies the owner requirement: Average rating must derive from eligible published reviews.","Project_Homeport_Community_Rating_and_Save_Aggregation_Contract.md","src/components/community/CommunityDiscoveryBrowser.tsx;src/components/community/CommunityReviewList.tsx;src/community/discovery.ts","homeport.owner-correction.round2.community-aggregates","HP-OWCR2-EV-T-RATING-SUMMARY","PASSED","Exact-source local synthetic proof passed; Codex visual review is ACCEPTED where applicable. Owner re-review, merge, deployment, and live providers remain external."
"HP-OWCR2-046","HP-OWCR2-AC-046","Source-bound proof satisfies the owner requirement: Rating count must be shown.","Project_Homeport_Community_Rating_and_Save_Aggregation_Contract.md","src/components/community/CommunityDiscoveryBrowser.tsx;src/components/community/CommunityReviewList.tsx;src/community/discovery.ts","homeport.owner-correction.round2.community-aggregates","HP-OWCR2-EV-T-RATING-SUMMARY","PASSED","Exact-source local synthetic proof passed; Codex visual review is ACCEPTED where applicable. Owner re-review, merge, deployment, and live providers remain external."
"HP-OWCR2-047","HP-OWCR2-AC-047","Source-bound proof satisfies the owner requirement: Decorative fixture counts must not be presented as product truth.","Project_Homeport_Community_Rating_and_Save_Aggregation_Contract.md","src/components/community/CommunityDiscoveryBrowser.tsx;src/components/community/CommunityReviewList.tsx;src/community/discovery.ts","homeport.owner-correction.round2.community-aggregates","HP-OWCR2-EV-T-RATING-SUMMARY","PASSED","Exact-source local synthetic proof passed; Codex visual review is ACCEPTED where applicable. Owner re-review, merge, deployment, and live providers remain external."
"HP-OWCR2-048","HP-OWCR2-AC-048","Source-bound proof satisfies the owner requirement: Save/unsave must update counts correctly.","Project_Homeport_Community_Rating_and_Save_Aggregation_Contract.md","src/components/community/CommunityDiscoveryBrowser.tsx;src/components/community/CommunityReviewList.tsx;src/community/discovery.ts","homeport.owner-correction.round2.community-aggregates","HP-OWCR2-EV-S-SAVE-COUNT","PASSED","Exact-source local synthetic proof passed; Codex visual review is ACCEPTED where applicable. Owner re-review, merge, deployment, and live providers remain external."
"HP-OWCR2-049","HP-OWCR2-AC-049","Source-bound proof satisfies the owner requirement: Review create/update/delete/moderation must update rating aggregates.","Project_Homeport_Community_Rating_and_Save_Aggregation_Contract.md","src/components/community/CommunityDiscoveryBrowser.tsx;src/components/community/CommunityReviewList.tsx;src/community/discovery.ts","homeport.owner-correction.round2.community-aggregates","HP-OWCR2-EV-T-RATING-SUMMARY","PASSED","Exact-source local synthetic proof passed; Codex visual review is ACCEPTED where applicable. Owner re-review, merge, deployment, and live providers remain external."
"HP-OWCR2-050","HP-OWCR2-AC-050","Source-bound proof satisfies the owner requirement: Duplicate saves and duplicate active ratings must not be counted.","Project_Homeport_Community_Rating_and_Save_Aggregation_Contract.md","src/components/community/CommunityDiscoveryBrowser.tsx;src/components/community/CommunityReviewList.tsx;src/community/discovery.ts","homeport.owner-correction.round2.community-aggregates","HP-OWCR2-EV-S-SAVE-COUNT","PASSED","Exact-source local synthetic proof passed; Codex visual review is ACCEPTED where applicable. Owner re-review, merge, deployment, and live providers remain external."
"HP-OWCR2-051","HP-OWCR2-AC-051","Source-bound proof satisfies the owner requirement: Removed or disallowed reviews must follow accepted aggregation policy.","Project_Homeport_Community_Rating_and_Save_Aggregation_Contract.md","src/components/community/CommunityDiscoveryBrowser.tsx;src/components/community/CommunityReviewList.tsx;src/community/discovery.ts","homeport.owner-correction.round2.community-aggregates","HP-OWCR2-EV-T-RATING-SUMMARY","PASSED","Exact-source local synthetic proof passed; Codex visual review is ACCEPTED where applicable. Owner re-review, merge, deployment, and live providers remain external."
"HP-OWCR2-052","HP-OWCR2-AC-052","Source-bound proof satisfies the owner requirement: “About this Chronicle” is improved but still needs richer information.","Project_Homeport_Chronicle_Preview_Expansion_Contract.md","tests/e2e/homeport-phase7-owner-correction-round2.spec.ts;Development_Docs/Projects/Project_Homeport/evidence/phase7-owner-correction-round2/manifest.json","homeport.owner-correction.round2.chronicle-preview-expanded","HP-OWCR2-EV-V-CHRONICLE-PREVIEW-EXPANDED","PASSED","Exact-source local synthetic proof passed; Codex visual review is ACCEPTED where applicable. Owner re-review, merge, deployment, and live providers remain external."
"HP-OWCR2-053","HP-OWCR2-AC-053","Source-bound proof satisfies the owner requirement: Chronicle previews should include more practical and experiential metadata.","Project_Homeport_Chronicle_Preview_Expansion_Contract.md","tests/e2e/homeport-phase7-owner-correction-round2.spec.ts;Development_Docs/Projects/Project_Homeport/evidence/phase7-owner-correction-round2/manifest.json","homeport.owner-correction.round2.chronicle-preview-expanded","HP-OWCR2-EV-V-CHRONICLE-PREVIEW-EXPANDED","PASSED","Exact-source local synthetic proof passed; Codex visual review is ACCEPTED where applicable. Owner re-review, merge, deployment, and live providers remain external."
"HP-OWCR2-054","HP-OWCR2-AC-054","Source-bound proof satisfies the owner requirement: Chronicle preview should show average rating and review/comment summary.","Project_Homeport_Chronicle_Preview_Expansion_Contract.md","tests/e2e/homeport-phase7-owner-correction-round2.spec.ts;Development_Docs/Projects/Project_Homeport/evidence/phase7-owner-correction-round2/manifest.json","homeport.owner-correction.round2.chronicle-preview-expanded","HP-OWCR2-EV-V-CHRONICLE-PREVIEW-EXPANDED","PASSED","Exact-source local synthetic proof passed; Codex visual review is ACCEPTED where applicable. Owner re-review, merge, deployment, and live providers remain external."
"HP-OWCR2-055","HP-OWCR2-AC-055","Source-bound proof satisfies the owner requirement: Chronicle ratings and comments must require verified Chronicle completion.","Project_Homeport_Chronicle_Completion_Review_Contract.md","src/community/reviews.ts;src/components/community/CommunityReviewList.tsx;src/components/wayfarer/ChroniclePassport.tsx","homeport.owner-correction.round2.review-completion-eligibility","HP-OWCR2-EV-U-COMPLETION-VERIFIED-REVIEW","PASSED","Exact-source local synthetic proof passed; Codex visual review is ACCEPTED where applicable. Owner re-review, merge, deployment, and live providers remain external."
"HP-OWCR2-056","HP-OWCR2-AC-056","Source-bound proof satisfies the owner requirement: Completion eligibility must be server-derived.","Project_Homeport_Chronicle_Completion_Review_Contract.md","src/community/reviews.ts;src/components/community/CommunityReviewList.tsx;src/components/wayfarer/ChroniclePassport.tsx","homeport.owner-correction.round2.review-completion-eligibility","HP-OWCR2-EV-U-COMPLETION-VERIFIED-REVIEW","PASSED","Exact-source local synthetic proof passed; Codex visual review is ACCEPTED where applicable. Owner re-review, merge, deployment, and live providers remain external."
"HP-OWCR2-057","HP-OWCR2-AC-057","Source-bound proof satisfies the owner requirement: Rating/review is optional after completion.","Project_Homeport_Chronicle_Completion_Review_Contract.md","src/community/reviews.ts;src/components/community/CommunityReviewList.tsx;src/components/wayfarer/ChroniclePassport.tsx","homeport.owner-correction.round2.review-completion-eligibility","HP-OWCR2-EV-U-COMPLETION-VERIFIED-REVIEW","PASSED","Exact-source local synthetic proof passed; Codex visual review is ACCEPTED where applicable. Owner re-review, merge, deployment, and live providers remain external."
"HP-OWCR2-058","HP-OWCR2-AC-058","Source-bound proof satisfies the owner requirement: The Player may dismiss the prompt.","Project_Homeport_Chronicle_Completion_Review_Contract.md","src/community/reviews.ts;src/components/community/CommunityReviewList.tsx;src/components/wayfarer/ChroniclePassport.tsx","homeport.owner-correction.round2.review-completion-eligibility","HP-OWCR2-EV-U-COMPLETION-VERIFIED-REVIEW","PASSED","Exact-source local synthetic proof passed; Codex visual review is ACCEPTED where applicable. Owner re-review, merge, deployment, and live providers remain external."
"HP-OWCR2-059","HP-OWCR2-AC-059","Source-bound proof satisfies the owner requirement: The Player may submit later.","Project_Homeport_Chronicle_Completion_Review_Contract.md","src/community/reviews.ts;src/components/community/CommunityReviewList.tsx;src/components/wayfarer/ChroniclePassport.tsx","homeport.owner-correction.round2.review-completion-eligibility","HP-OWCR2-EV-U-COMPLETION-VERIFIED-REVIEW","PASSED","Exact-source local synthetic proof passed; Codex visual review is ACCEPTED where applicable. Owner re-review, merge, deployment, and live providers remain external."
"HP-OWCR2-060","HP-OWCR2-AC-060","Source-bound proof satisfies the owner requirement: Later review entry must be available from Chronicle Passport history.","Project_Homeport_Chronicle_Completion_Review_Contract.md","src/community/reviews.ts;src/components/community/CommunityReviewList.tsx;src/components/wayfarer/ChroniclePassport.tsx","homeport.owner-correction.round2.review-completion-eligibility","HP-OWCR2-EV-W-PASSPORT-REVIEW-ENTRY","PASSED","Exact-source local synthetic proof passed; Codex visual review is ACCEPTED where applicable. Owner re-review, merge, deployment, and live providers remain external."
"HP-OWCR2-061","HP-OWCR2-AC-061","Source-bound proof satisfies the owner requirement: Later review entry must be available from the Chronicle public detail page.","Project_Homeport_Chronicle_Completion_Review_Contract.md","src/community/reviews.ts;src/components/community/CommunityReviewList.tsx;src/components/wayfarer/ChroniclePassport.tsx","homeport.owner-correction.round2.review-completion-eligibility","HP-OWCR2-EV-W-PASSPORT-REVIEW-ENTRY","PASSED","Exact-source local synthetic proof passed; Codex visual review is ACCEPTED where applicable. Owner re-review, merge, deployment, and live providers remain external."
"HP-OWCR2-062","HP-OWCR2-AC-062","Source-bound proof satisfies the owner requirement: Only a person verified to have completed the exact Chronicle version may review it.","Project_Homeport_Chronicle_Completion_Review_Contract.md","src/community/reviews.ts;src/components/community/CommunityReviewList.tsx;src/components/wayfarer/ChroniclePassport.tsx","homeport.owner-correction.round2.review-completion-eligibility","HP-OWCR2-EV-W-PASSPORT-REVIEW-ENTRY","PASSED","Exact-source local synthetic proof passed; Codex visual review is ACCEPTED where applicable. Owner re-review, merge, deployment, and live providers remain external."
"HP-OWCR2-063","HP-OWCR2-AC-063","Source-bound proof satisfies the owner requirement: One active Chronicle review per account per Chronicle/version policy.","Project_Homeport_Chronicle_Completion_Review_Contract.md","src/community/reviews.ts;src/components/community/CommunityReviewList.tsx;src/components/wayfarer/ChroniclePassport.tsx","homeport.owner-correction.round2.review-completion-eligibility","HP-OWCR2-EV-W-PASSPORT-REVIEW-ENTRY","PASSED","Exact-source local synthetic proof passed; Codex visual review is ACCEPTED where applicable. Owner re-review, merge, deployment, and live providers remain external."
"HP-OWCR2-064","HP-OWCR2-AC-064","Source-bound proof satisfies the owner requirement: The review may be edited or removed according to Harborlight policy.","Project_Homeport_Chronicle_Completion_Review_Contract.md","src/community/reviews.ts;src/components/community/CommunityReviewList.tsx;src/components/wayfarer/ChroniclePassport.tsx","homeport.owner-correction.round2.review-completion-eligibility","HP-OWCR2-EV-W-PASSPORT-REVIEW-ENTRY","PASSED","Exact-source local synthetic proof passed; Codex visual review is ACCEPTED where applicable. Owner re-review, merge, deployment, and live providers remain external."
"HP-OWCR2-065","HP-OWCR2-AC-065","Source-bound proof satisfies the owner requirement: Reviews and comments must preserve spoiler controls.","Project_Homeport_Chronicle_Completion_Review_Contract.md","src/community/reviews.ts;src/components/community/CommunityReviewList.tsx;src/components/wayfarer/ChroniclePassport.tsx","homeport.owner-correction.round2.review-completion-eligibility","HP-OWCR2-EV-W-PASSPORT-REVIEW-ENTRY","PASSED","Exact-source local synthetic proof passed; Codex visual review is ACCEPTED where applicable. Owner re-review, merge, deployment, and live providers remain external."
"HP-OWCR2-066","HP-OWCR2-AC-066","Source-bound proof satisfies the owner requirement: Client state cannot grant completion eligibility.","Project_Homeport_Chronicle_Completion_Review_Contract.md","src/community/reviews.ts;src/components/community/CommunityReviewList.tsx;src/components/wayfarer/ChroniclePassport.tsx","homeport.owner-correction.round2.review-completion-eligibility","HP-OWCR2-EV-W-PASSPORT-REVIEW-ENTRY","PASSED","Exact-source local synthetic proof passed; Codex visual review is ACCEPTED where applicable. Owner re-review, merge, deployment, and live providers remain external."
"HP-OWCR2-067","HP-OWCR2-AC-067","Source-bound proof satisfies the owner requirement: The owner asks whether email sending and verification actually work.","Project_Homeport_Account_Identity_Email_and_Claiming_Architecture.md","tests/e2e/homeport-phase7-owner-correction-round2.spec.ts;Development_Docs/Projects/Project_Homeport/evidence/phase7-owner-correction-round2/manifest.json","homeport.owner-correction.round2.synthetic-email-truth","HP-OWCR2-EV-AE-FULL-ROUND2-REGRESSION","PASSED","Exact-source local synthetic proof passed; Codex visual review is ACCEPTED where applicable. Owner re-review, merge, deployment, and live providers remain external."
"HP-OWCR2-068","HP-OWCR2-AC-068","Source-bound proof satisfies the owner requirement: Current proof uses a task-owned synthetic email outbox.","Project_Homeport_Account_Identity_Email_and_Claiming_Architecture.md","tests/e2e/homeport-phase7-owner-correction-round2.spec.ts;Development_Docs/Projects/Project_Homeport/evidence/phase7-owner-correction-round2/manifest.json","homeport.owner-correction.round2.synthetic-email-truth","HP-OWCR2-EV-AE-FULL-ROUND2-REGRESSION","PASSED","Exact-source local synthetic proof passed; Codex visual review is ACCEPTED where applicable. Owner re-review, merge, deployment, and live providers remain external."
"HP-OWCR2-069","HP-OWCR2-AC-069","Source-bound proof satisfies the owner requirement: Live external email delivery is not proven.","Project_Homeport_Account_Identity_Email_and_Claiming_Architecture.md","tests/e2e/homeport-phase7-owner-correction-round2.spec.ts;Development_Docs/Projects/Project_Homeport/evidence/phase7-owner-correction-round2/manifest.json","homeport.owner-correction.round2.synthetic-email-truth","HP-OWCR2-EV-AE-FULL-ROUND2-REGRESSION","PASSED","Exact-source local synthetic proof passed; Codex visual review is ACCEPTED where applicable. Owner re-review, merge, deployment, and live providers remain external."
"HP-OWCR2-070","HP-OWCR2-AC-070","Source-bound proof satisfies the owner requirement: The owner re-review package must make synthetic email testing obvious.","Project_Homeport_Account_Identity_Email_and_Claiming_Architecture.md","tests/e2e/homeport-phase7-owner-correction-round2.spec.ts;Development_Docs/Projects/Project_Homeport/evidence/phase7-owner-correction-round2/manifest.json","homeport.owner-correction.round2.synthetic-email-truth","HP-OWCR2-EV-AE-FULL-ROUND2-REGRESSION","PASSED","Exact-source local synthetic proof passed; Codex visual review is ACCEPTED where applicable. Owner re-review, merge, deployment, and live providers remain external."
"HP-OWCR2-071","HP-OWCR2-AC-071","Source-bound proof satisfies the owner requirement: Ordinary product UI must not expose test simulator controls.","Project_Homeport_Account_Identity_Email_and_Claiming_Architecture.md","tests/e2e/homeport-phase7-owner-correction-round2.spec.ts;Development_Docs/Projects/Project_Homeport/evidence/phase7-owner-correction-round2/manifest.json","homeport.owner-correction.round2.synthetic-email-truth","HP-OWCR2-EV-AE-FULL-ROUND2-REGRESSION","PASSED","Exact-source local synthetic proof passed; Codex visual review is ACCEPTED where applicable. Owner re-review, merge, deployment, and live providers remain external."
"HP-OWCR2-072","HP-OWCR2-AC-072","Source-bound proof satisfies the owner requirement: Live-provider status must remain truthful.","Project_Homeport_Account_Identity_Email_and_Claiming_Architecture.md","tests/e2e/homeport-phase7-owner-correction-round2.spec.ts;Development_Docs/Projects/Project_Homeport/evidence/phase7-owner-correction-round2/manifest.json","homeport.owner-correction.round2.synthetic-email-truth","HP-OWCR2-EV-AE-FULL-ROUND2-REGRESSION","PASSED","Exact-source local synthetic proof passed; Codex visual review is ACCEPTED where applicable. Owner re-review, merge, deployment, and live providers remain external."
"HP-OWCR2-073","HP-OWCR2-AC-073","Source-bound proof satisfies the owner requirement: Capture every user-facing page.","Project_Homeport_Experience_Images_Contract.md","Experience_Images/manifest.json;Experience_Images/index.html;scripts/homeport/generate-phase7-owner-correction-round2-experience-images.mjs","homeport.owner-correction.round2.experience-images","HP-OWCR2-EV-AC-EXPERIENCE-IMAGES-INDEX","PASSED","Exact-source local synthetic proof passed; Codex visual review is ACCEPTED where applicable. Owner re-review, merge, deployment, and live providers remain external."
"HP-OWCR2-074","HP-OWCR2-AC-074","Source-bound proof satisfies the owner requirement: Store captures in a new folder named: `Experience_Images`","Project_Homeport_Experience_Images_Contract.md","Experience_Images/manifest.json;Experience_Images/index.html;scripts/homeport/generate-phase7-owner-correction-round2-experience-images.mjs","homeport.owner-correction.round2.experience-images","HP-OWCR2-EV-AC-EXPERIENCE-IMAGES-INDEX","PASSED","Exact-source local synthetic proof passed; Codex visual review is ACCEPTED where applicable. Owner re-review, merge, deployment, and live providers remain external."
"HP-OWCR2-075","HP-OWCR2-AC-075","Source-bound proof satisfies the owner requirement: The folder must be easy for the owner to browse.","Project_Homeport_Experience_Images_Contract.md","Experience_Images/manifest.json;Experience_Images/index.html;scripts/homeport/generate-phase7-owner-correction-round2-experience-images.mjs","homeport.owner-correction.round2.experience-images","HP-OWCR2-EV-AC-EXPERIENCE-IMAGES-INDEX","PASSED","Exact-source local synthetic proof passed; Codex visual review is ACCEPTED where applicable. Owner re-review, merge, deployment, and live providers remain external."
"HP-OWCR2-076","HP-OWCR2-AC-076","Source-bound proof satisfies the owner requirement: The folder must be easy for later ChatGPT/Codex inspection.","Project_Homeport_Experience_Images_Contract.md","Experience_Images/manifest.json;Experience_Images/index.html;scripts/homeport/generate-phase7-owner-correction-round2-experience-images.mjs","homeport.owner-correction.round2.experience-images","HP-OWCR2-EV-AC-EXPERIENCE-IMAGES-INDEX","PASSED","Exact-source local synthetic proof passed; Codex visual review is ACCEPTED where applicable. Owner re-review, merge, deployment, and live providers remain external."
"HP-OWCR2-077","HP-OWCR2-AC-077","Source-bound proof satisfies the owner requirement: Include desktop images for every ordinary user-facing page.","Project_Homeport_Experience_Images_Contract.md","Experience_Images/manifest.json;Experience_Images/index.html;scripts/homeport/generate-phase7-owner-correction-round2-experience-images.mjs","homeport.owner-correction.round2.experience-images","HP-OWCR2-EV-AC-EXPERIENCE-IMAGES-INDEX","PASSED","Exact-source local synthetic proof passed; Codex visual review is ACCEPTED where applicable. Owner re-review, merge, deployment, and live providers remain external."
"HP-OWCR2-078","HP-OWCR2-AC-078","Source-bound proof satisfies the owner requirement: Include mobile images for every critical and high-priority page.","Project_Homeport_Experience_Images_Contract.md","Experience_Images/manifest.json;Experience_Images/index.html;scripts/homeport/generate-phase7-owner-correction-round2-experience-images.mjs","homeport.owner-correction.round2.experience-images","HP-OWCR2-EV-AC-EXPERIENCE-IMAGES-INDEX","PASSED","Exact-source local synthetic proof passed; Codex visual review is ACCEPTED where applicable. Owner re-review, merge, deployment, and live providers remain external."
"HP-OWCR2-079","HP-OWCR2-AC-079","Source-bound proof satisfies the owner requirement: Include major loading, empty, error, permission, and unavailable states.","Project_Homeport_Experience_Images_Contract.md","Experience_Images/manifest.json;Experience_Images/index.html;scripts/homeport/generate-phase7-owner-correction-round2-experience-images.mjs","homeport.owner-correction.round2.experience-images","HP-OWCR2-EV-AC-EXPERIENCE-IMAGES-INDEX","PASSED","Exact-source local synthetic proof passed; Codex visual review is ACCEPTED where applicable. Owner re-review, merge, deployment, and live providers remain external."
"HP-OWCR2-080","HP-OWCR2-AC-080","Source-bound proof satisfies the owner requirement: Include current exact-source metadata.","Project_Homeport_Experience_Images_Contract.md","Experience_Images/manifest.json;Experience_Images/index.html;scripts/homeport/generate-phase7-owner-correction-round2-experience-images.mjs","homeport.owner-correction.round2.experience-images","HP-OWCR2-EV-AC-EXPERIENCE-IMAGES-INDEX","PASSED","Exact-source local synthetic proof passed; Codex visual review is ACCEPTED where applicable. Owner re-review, merge, deployment, and live providers remain external."
"HP-OWCR2-081","HP-OWCR2-AC-081","Source-bound proof satisfies the owner requirement: Include an index.","Project_Homeport_Experience_Images_Contract.md","Experience_Images/manifest.json;Experience_Images/index.html;scripts/homeport/generate-phase7-owner-correction-round2-experience-images.mjs","homeport.owner-correction.round2.experience-images","HP-OWCR2-EV-AC-EXPERIENCE-IMAGES-INDEX","PASSED","Exact-source local synthetic proof passed; Codex visual review is ACCEPTED where applicable. Owner re-review, merge, deployment, and live providers remain external."
"HP-OWCR2-082","HP-OWCR2-AC-082","Source-bound proof satisfies the owner requirement: Include contact sheets.","Project_Homeport_Experience_Images_Contract.md","Experience_Images/manifest.json;Experience_Images/index.html;scripts/homeport/generate-phase7-owner-correction-round2-experience-images.mjs","homeport.owner-correction.round2.experience-images","HP-OWCR2-EV-AD-EXPERIENCE-IMAGES-CONTACT-SHEET","PASSED","Exact-source local synthetic proof passed; Codex visual review is ACCEPTED where applicable. Owner re-review, merge, deployment, and live providers remain external."
"HP-OWCR2-083","HP-OWCR2-AC-083","Source-bound proof satisfies the owner requirement: Validate that no user-facing page is missing.","Project_Homeport_Experience_Images_Contract.md","Experience_Images/manifest.json;Experience_Images/index.html;scripts/homeport/generate-phase7-owner-correction-round2-experience-images.mjs","homeport.owner-correction.round2.experience-images","HP-OWCR2-EV-AD-EXPERIENCE-IMAGES-CONTACT-SHEET","PASSED","Exact-source local synthetic proof passed; Codex visual review is ACCEPTED where applicable. Owner re-review, merge, deployment, and live providers remain external."
"HP-OWCR2-084","HP-OWCR2-AC-084","Source-bound proof satisfies the owner requirement: Exclude APIs, static assets, and non-human callback routes.","Project_Homeport_Experience_Images_Contract.md","Experience_Images/manifest.json;Experience_Images/index.html;scripts/homeport/generate-phase7-owner-correction-round2-experience-images.mjs","homeport.owner-correction.round2.experience-images","HP-OWCR2-EV-AD-EXPERIENCE-IMAGES-CONTACT-SHEET","PASSED","Exact-source local synthetic proof passed; Codex visual review is ACCEPTED where applicable. Owner re-review, merge, deployment, and live providers remain external."
"HP-OWCR2-085","HP-OWCR2-AC-085","Source-bound proof satisfies the owner requirement: Remove credentials, tokens, private content, and real personal data.","Project_Homeport_Experience_Images_Contract.md","Experience_Images/manifest.json;Experience_Images/index.html;scripts/homeport/generate-phase7-owner-correction-round2-experience-images.mjs","homeport.owner-correction.round2.experience-images","HP-OWCR2-EV-AD-EXPERIENCE-IMAGES-CONTACT-SHEET","PASSED","Exact-source local synthetic proof passed; Codex visual review is ACCEPTED where applicable. Owner re-review, merge, deployment, and live providers remain external."
