"evidence_id","screen_id","route","product_area","state","criticality","fixture","account_state","viewport_family","viewport","zoom","motion_mode","source_sha","browser_version","capture_path","checksum","visual_review_classification","defects_found","correction_commit","final_status"
"HP-P6-EV-001-root-standard-desktop","screen-page-root","/","Gateway and public shell","READY_POPULATED","CRITICAL","homeport-phase6-v1","ANONYMOUS","STANDARD_DESKTOP","1440x900","100_PERCENT","FULL","e02ee0dae0469a2ba573beaf409c0b34e8668d09","Chromium 141.0.7390.37","Development_Docs/Projects/Project_Homeport/evidence/phase6/HP-P6-EV-001-root-standard-desktop.png","4c1c6c44de8007dec2a05fda240249f4e87b56b7b6f7fe2335323f2e7f5cc024","ACCEPTED","NONE_AFTER_SOURCE_BOUND_VISUAL_REVIEW","NOT_REQUIRED_AFTER_CAPTURE","ACTIVE_ACCEPTED"
"HP-P6-EV-002-root-modern-mobile","screen-page-root","/","Gateway and public shell","READY_POPULATED","CRITICAL","homeport-phase6-v1","ANONYMOUS","MODERN_MOBILE","390x844","100_PERCENT","FULL","e02ee0dae0469a2ba573beaf409c0b34e8668d09","Chromium 141.0.7390.37","Development_Docs/Projects/Project_Homeport/evidence/phase6/HP-P6-EV-002-root-modern-mobile.png","661f40c43a7dc7a3f55376675a282e1c10a6562b284235f2be93fb733a0e7477","ACCEPTED","NONE_AFTER_SOURCE_BOUND_VISUAL_REVIEW","NOT_REQUIRED_AFTER_CAPTURE","ACTIVE_ACCEPTED"
"HP-P6-EV-003-sign-in-standard-desktop","screen-page-sign-in","/sign-in","Identity and session","READY_POPULATED","CRITICAL","homeport-phase6-v1","ANONYMOUS","STANDARD_DESKTOP","1440x900","100_PERCENT","FULL","e02ee0dae0469a2ba573beaf409c0b34e8668d09","Chromium 141.0.7390.37","Development_Docs/Projects/Project_Homeport/evidence/phase6/HP-P6-EV-003-sign-in-standard-desktop.png","12ae1399d658c90d08417354d697df56ab0ac3b918d679bd4a9f6083a86508b6","ACCEPTED","NONE_AFTER_SOURCE_BOUND_VISUAL_REVIEW","NOT_REQUIRED_AFTER_CAPTURE","ACTIVE_ACCEPTED"
"HP-P6-EV-004-sign-in-modern-mobile","screen-page-sign-in","/sign-in","Identity and session","READY_POPULATED","CRITICAL","homeport-phase6-v1","ANONYMOUS","MODERN_MOBILE","390x844","100_PERCENT","FULL","e02ee0dae0469a2ba573beaf409c0b34e8668d09","Chromium 141.0.7390.37","Development_Docs/Projects/Project_Homeport/evidence/phase6/HP-P6-EV-004-sign-in-modern-mobile.png","e052348f01efb6dc4f5ac46bef64371895c2133f70df634e3cedd376b4bee8a1","ACCEPTED","NONE_AFTER_SOURCE_BOUND_VISUAL_REVIEW","NOT_REQUIRED_AFTER_CAPTURE","ACTIVE_ACCEPTED"
"HP-P6-EV-005-player-library-standard-desktop","screen-page-player-library","/player/library","Player","READY_POPULATED","CRITICAL","homeport-phase6-v1","AUTHENTICATED_PLAYER_CAPTAIN_CREATOR","STANDARD_DESKTOP","1440x900","100_PERCENT","FULL","e02ee0dae0469a2ba573beaf409c0b34e8668d09","Chromium 141.0.7390.37","Development_Docs/Projects/Project_Homeport/evidence/phase6/HP-P6-EV-005-player-library-standard-desktop.png","9fabcf9d54079c47aa9ca6e277bc2cf5bb0622bb21fba163380baa5bf1c6942d","ACCEPTED","NONE_AFTER_SOURCE_BOUND_VISUAL_REVIEW","NOT_REQUIRED_AFTER_CAPTURE","ACTIVE_ACCEPTED"
"HP-P6-EV-006-player-library-modern-mobile","screen-page-player-library","/player/library","Player","READY_POPULATED","CRITICAL","homeport-phase6-v1","AUTHENTICATED_PLAYER_CAPTAIN_CREATOR","MODERN_MOBILE","390x844","100_PERCENT","FULL","e02ee0dae0469a2ba573beaf409c0b34e8668d09","Chromium 141.0.7390.37","Development_Docs/Projects/Project_Homeport/evidence/phase6/HP-P6-EV-006-player-library-modern-mobile.png","57055849580e6defe73a3b18bd08c0f06845da0b4be472580e9efb7f06fb26d8","ACCEPTED","NONE_AFTER_SOURCE_BOUND_VISUAL_REVIEW","NOT_REQUIRED_AFTER_CAPTURE","ACTIVE_ACCEPTED"
"HP-P6-EV-007-captain-library-standard-desktop","screen-page-captain-library","/captain/library","Captain","READY_POPULATED","CRITICAL","homeport-phase6-v1","AUTHENTICATED_PLAYER_CAPTAIN_CREATOR","STANDARD_DESKTOP","1440x900","100_PERCENT","FULL","e02ee0dae0469a2ba573beaf409c0b34e8668d09","Chromium 141.0.7390.37","Development_Docs/Projects/Project_Homeport/evidence/phase6/HP-P6-EV-007-captain-library-standard-desktop.png","71cf6a6b42fe8197c93030c7779bc03f65f300ef448b9878c5fcf1c3f9e77112","ACCEPTED","NONE_AFTER_SOURCE_BOUND_VISUAL_REVIEW","NOT_REQUIRED_AFTER_CAPTURE","ACTIVE_ACCEPTED"
"HP-P6-EV-008-captain-library-modern-mobile","screen-page-captain-library","/captain/library","Captain","READY_POPULATED","CRITICAL","homeport-phase6-v1","AUTHENTICATED_PLAYER_CAPTAIN_CREATOR","MODERN_MOBILE","390x844","100_PERCENT","FULL","e02ee0dae0469a2ba573beaf409c0b34e8668d09","Chromium 141.0.7390.37","Development_Docs/Projects/Project_Homeport/evidence/phase6/HP-P6-EV-008-captain-library-modern-mobile.png","34d5c94e3183a61cb1851efe865846bed97cea6013c965d8150e07b4843725c2","ACCEPTED","NONE_AFTER_SOURCE_BOUND_VISUAL_REVIEW","NOT_REQUIRED_AFTER_CAPTURE","ACTIVE_ACCEPTED"
"HP-P6-EV-009-studio-library-standard-desktop","screen-page-studio-library","/studio/library","Creator Studio","READY_POPULATED","CRITICAL","homeport-phase6-v1","AUTHENTICATED_PLAYER_CAPTAIN_CREATOR","STANDARD_DESKTOP","1440x900","100_PERCENT","FULL","e02ee0dae0469a2ba573beaf409c0b34e8668d09","Chromium 141.0.7390.37","Development_Docs/Projects/Project_Homeport/evidence/phase6/HP-P6-EV-009-studio-library-standard-desktop.png","4f67b0ca0c465e65bd140e5edec907e3bd0252906da0d0cc4e5d509547c6f9f9","ACCEPTED","NONE_AFTER_SOURCE_BOUND_VISUAL_REVIEW","NOT_REQUIRED_AFTER_CAPTURE","ACTIVE_ACCEPTED"
"HP-P6-EV-010-studio-library-modern-mobile","screen-page-studio-library","/studio/library","Creator Studio","READY_POPULATED","CRITICAL","homeport-phase6-v1","AUTHENTICATED_PLAYER_CAPTAIN_CREATOR","MODERN_MOBILE","390x844","100_PERCENT","FULL","e02ee0dae0469a2ba573beaf409c0b34e8668d09","Chromium 141.0.7390.37","Development_Docs/Projects/Project_Homeport/evidence/phase6/HP-P6-EV-010-studio-library-modern-mobile.png","c127233c75bff362d9c31d17dc8130cee2e470fec78d144f74f79d4026835b81","ACCEPTED","NONE_AFTER_SOURCE_BOUND_VISUAL_REVIEW","NOT_REQUIRED_AFTER_CAPTURE","ACTIVE_ACCEPTED"
"HP-P6-EV-011-account-standard-desktop","screen-page-account","/account","Personal Harbor","READY_POPULATED","CRITICAL","homeport-phase6-v1","AUTHENTICATED_PLAYER_CAPTAIN_CREATOR","STANDARD_DESKTOP","1440x900","100_PERCENT","FULL","e02ee0dae0469a2ba573beaf409c0b34e8668d09","Chromium 141.0.7390.37","Development_Docs/Projects/Project_Homeport/evidence/phase6/HP-P6-EV-011-account-standard-desktop.png","1b3d5805356fbf78c1c8c90cb4968d58666f32471735849c0b16a1ae9ca61b93","ACCEPTED","NONE_AFTER_SOURCE_BOUND_VISUAL_REVIEW","NOT_REQUIRED_AFTER_CAPTURE","ACTIVE_ACCEPTED"
"HP-P6-EV-012-account-modern-mobile","screen-page-account","/account","Personal Harbor","READY_POPULATED","CRITICAL","homeport-phase6-v1","AUTHENTICATED_PLAYER_CAPTAIN_CREATOR","MODERN_MOBILE","390x844","100_PERCENT","FULL","e02ee0dae0469a2ba573beaf409c0b34e8668d09","Chromium 141.0.7390.37","Development_Docs/Projects/Project_Homeport/evidence/phase6/HP-P6-EV-012-account-modern-mobile.png","61861473232dcc20a9dd65c0b655ddaa34122ccd47381f5914c8bb7d5710300f","ACCEPTED","NONE_AFTER_SOURCE_BOUND_VISUAL_REVIEW","NOT_REQUIRED_AFTER_CAPTURE","ACTIVE_ACCEPTED"
"HP-P6-EV-013-account-profile-standard-desktop","screen-page-account-profile","/account/profile","Personal Harbor","READY_POPULATED","CRITICAL","homeport-phase6-v1","AUTHENTICATED_PLAYER_CAPTAIN_CREATOR","STANDARD_DESKTOP","1440x900","100_PERCENT","FULL","e02ee0dae0469a2ba573beaf409c0b34e8668d09","Chromium 141.0.7390.37","Development_Docs/Projects/Project_Homeport/evidence/phase6/HP-P6-EV-013-account-profile-standard-desktop.png","180da79b6ebbecc80c89bfd5dd457610198f1d3c6b8746af5778eef4c93f8393","ACCEPTED","NONE_AFTER_SOURCE_BOUND_VISUAL_REVIEW","NOT_REQUIRED_AFTER_CAPTURE","ACTIVE_ACCEPTED"
"HP-P6-EV-014-account-profile-modern-mobile","screen-page-account-profile","/account/profile","Personal Harbor","READY_POPULATED","CRITICAL","homeport-phase6-v1","AUTHENTICATED_PLAYER_CAPTAIN_CREATOR","MODERN_MOBILE","390x844","100_PERCENT","FULL","e02ee0dae0469a2ba573beaf409c0b34e8668d09","Chromium 141.0.7390.37","Development_Docs/Projects/Project_Homeport/evidence/phase6/HP-P6-EV-014-account-profile-modern-mobile.png","1730f304a5254337bcef548d4dc88d1e0f9225b33963af7adc921013d9de2821","ACCEPTED","NONE_AFTER_SOURCE_BOUND_VISUAL_REVIEW","NOT_REQUIRED_AFTER_CAPTURE","ACTIVE_ACCEPTED"
"HP-P6-EV-015-passport-standard-desktop","screen-page-passport","/passport","Chronicle Passport","READY_POPULATED","CRITICAL","homeport-phase6-v1","AUTHENTICATED_PLAYER_CAPTAIN_CREATOR","STANDARD_DESKTOP","1440x900","100_PERCENT","FULL","e02ee0dae0469a2ba573beaf409c0b34e8668d09","Chromium 141.0.7390.37","Development_Docs/Projects/Project_Homeport/evidence/phase6/HP-P6-EV-015-passport-standard-desktop.png","f7730b76886210379cbd5921d977994ac2bd1fe3645899dd7951ff66b7c08442","ACCEPTED","NONE_AFTER_SOURCE_BOUND_VISUAL_REVIEW","NOT_REQUIRED_AFTER_CAPTURE","ACTIVE_ACCEPTED"
"HP-P6-EV-016-passport-modern-mobile","screen-page-passport","/passport","Chronicle Passport","READY_POPULATED","CRITICAL","homeport-phase6-v1","AUTHENTICATED_PLAYER_CAPTAIN_CREATOR","MODERN_MOBILE","390x844","100_PERCENT","FULL","e02ee0dae0469a2ba573beaf409c0b34e8668d09","Chromium 141.0.7390.37","Development_Docs/Projects/Project_Homeport/evidence/phase6/HP-P6-EV-016-passport-modern-mobile.png","4498baed16315e0ece55d8c05e4ad01f2db19296c3a9d8b5855dfa1ec5b182ac","ACCEPTED","NONE_AFTER_SOURCE_BOUND_VISUAL_REVIEW","NOT_REQUIRED_AFTER_CAPTURE","ACTIVE_ACCEPTED"
"HP-P6-EV-017-community-standard-desktop","screen-page-community","/community","Community Harbor","READY_POPULATED","CRITICAL","homeport-phase6-v1","ANONYMOUS","STANDARD_DESKTOP","1440x900","100_PERCENT","FULL","e02ee0dae0469a2ba573beaf409c0b34e8668d09","Chromium 141.0.7390.37","Development_Docs/Projects/Project_Homeport/evidence/phase6/HP-P6-EV-017-community-standard-desktop.png","df87c6d572c30427d77f3d14639b5a550691827b913443a963096e7a85722ebe","ACCEPTED","NONE_AFTER_SOURCE_BOUND_VISUAL_REVIEW","NOT_REQUIRED_AFTER_CAPTURE","ACTIVE_ACCEPTED"
"HP-P6-EV-018-community-modern-mobile","screen-page-community","/community","Community Harbor","READY_POPULATED","CRITICAL","homeport-phase6-v1","ANONYMOUS","MODERN_MOBILE","390x844","100_PERCENT","FULL","e02ee0dae0469a2ba573beaf409c0b34e8668d09","Chromium 141.0.7390.37","Development_Docs/Projects/Project_Homeport/evidence/phase6/HP-P6-EV-018-community-modern-mobile.png","b941485e5c96542c73d2aa80f9d9de4ce3e686f4e4c64e06eaf3c503337c1be2","ACCEPTED","NONE_AFTER_SOURCE_BOUND_VISUAL_REVIEW","NOT_REQUIRED_AFTER_CAPTURE","ACTIVE_ACCEPTED"
"HP-P6-EV-019-player-playthroughs-playthroughid-standard-desktop","screen-page-player-playthroughs-playthroughid","/player/playthroughs/[playthroughId]","Player","READY_POPULATED","CRITICAL","homeport-phase6-v1","AUTHENTICATED_PLAYER_CAPTAIN_CREATOR","STANDARD_DESKTOP","1440x900","100_PERCENT","FULL","e02ee0dae0469a2ba573beaf409c0b34e8668d09","Chromium 141.0.7390.37","Development_Docs/Projects/Project_Homeport/evidence/phase6/HP-P6-EV-019-player-playthroughs-playthroughid-standard-desktop.png","652098b47f1f9d44bd123d061b4203cccf592393761bb6c8fea136fc06f848f9","ACCEPTED","NONE_AFTER_SOURCE_BOUND_VISUAL_REVIEW","NOT_REQUIRED_AFTER_CAPTURE","ACTIVE_ACCEPTED"
"HP-P6-EV-020-player-playthroughs-playthroughid-modern-mobile","screen-page-player-playthroughs-playthroughid","/player/playthroughs/[playthroughId]","Player","READY_POPULATED","CRITICAL","homeport-phase6-v1","AUTHENTICATED_PLAYER_CAPTAIN_CREATOR","MODERN_MOBILE","390x844","100_PERCENT","FULL","e02ee0dae0469a2ba573beaf409c0b34e8668d09","Chromium 141.0.7390.37","Development_Docs/Projects/Project_Homeport/evidence/phase6/HP-P6-EV-020-player-playthroughs-playthroughid-modern-mobile.png","1fc4ee2c590ae0ed9f5c7c0dfb21bc88262960034b3ac7a7cdcbaaa779bf4409","ACCEPTED","NONE_AFTER_SOURCE_BOUND_VISUAL_REVIEW","NOT_REQUIRED_AFTER_CAPTURE","ACTIVE_ACCEPTED"
"HP-P6-EV-021-captain-sessions-sessionid-standard-desktop","screen-page-captain-sessions-sessionid","/captain/sessions/[sessionId]","Captain","READY_POPULATED","CRITICAL","homeport-phase6-v1","AUTHENTICATED_PLAYER_CAPTAIN_CREATOR","STANDARD_DESKTOP","1440x900","100_PERCENT","FULL","e02ee0dae0469a2ba573beaf409c0b34e8668d09","Chromium 141.0.7390.37","Development_Docs/Projects/Project_Homeport/evidence/phase6/HP-P6-EV-021-captain-sessions-sessionid-standard-desktop.png","fb61de8742fac6cee11d6cd3efd2e5c64cfb44ebfe96283aefc26a7448e9a874","ACCEPTED","NONE_AFTER_SOURCE_BOUND_VISUAL_REVIEW","NOT_REQUIRED_AFTER_CAPTURE","ACTIVE_ACCEPTED"
"HP-P6-EV-022-captain-sessions-sessionid-modern-mobile","screen-page-captain-sessions-sessionid","/captain/sessions/[sessionId]","Captain","READY_POPULATED","CRITICAL","homeport-phase6-v1","AUTHENTICATED_PLAYER_CAPTAIN_CREATOR","MODERN_MOBILE","390x844","100_PERCENT","FULL","e02ee0dae0469a2ba573beaf409c0b34e8668d09","Chromium 141.0.7390.37","Development_Docs/Projects/Project_Homeport/evidence/phase6/HP-P6-EV-022-captain-sessions-sessionid-modern-mobile.png","1b6c86419fb02b602b0e0cd33b8d1291cc2bf45aa07a17c03aee64c2cd5dae3f","ACCEPTED","NONE_AFTER_SOURCE_BOUND_VISUAL_REVIEW","NOT_REQUIRED_AFTER_CAPTURE","ACTIVE_ACCEPTED"
"HP-P6-EV-023-studio-tales-taleid-standard-desktop","screen-page-studio-tales-taleid","/studio/tales/[taleId]","Creator Studio","READY_POPULATED","CRITICAL","homeport-phase6-v1","AUTHENTICATED_PLAYER_CAPTAIN_CREATOR","STANDARD_DESKTOP","1440x900","100_PERCENT","FULL","e02ee0dae0469a2ba573beaf409c0b34e8668d09","Chromium 141.0.7390.37","Development_Docs/Projects/Project_Homeport/evidence/phase6/HP-P6-EV-023-studio-tales-taleid-standard-desktop.png","b97345e4428a442ada2d45e46d1aa69331d7fe7cb387f3799a13086ba13dfa49","ACCEPTED","NONE_AFTER_SOURCE_BOUND_VISUAL_REVIEW","NOT_REQUIRED_AFTER_CAPTURE","ACTIVE_ACCEPTED"
"HP-P6-EV-024-studio-tales-taleid-modern-mobile","screen-page-studio-tales-taleid","/studio/tales/[taleId]","Creator Studio","READY_POPULATED","CRITICAL","homeport-phase6-v1","AUTHENTICATED_PLAYER_CAPTAIN_CREATOR","MODERN_MOBILE","390x844","100_PERCENT","FULL","e02ee0dae0469a2ba573beaf409c0b34e8668d09","Chromium 141.0.7390.37","Development_Docs/Projects/Project_Homeport/evidence/phase6/HP-P6-EV-024-studio-tales-taleid-modern-mobile.png","d15a90fb476cbe752231fac9ad2cce7a704a3b865fa14a1814da8863d21a34cf","ACCEPTED","NONE_AFTER_SOURCE_BOUND_VISUAL_REVIEW","NOT_REQUIRED_AFTER_CAPTURE","ACTIVE_ACCEPTED"
"HP-P6-EV-025-register-standard-desktop","screen-page-register","/register","Identity and session","READY_POPULATED","HIGH","homeport-phase6-v1","ANONYMOUS","STANDARD_DESKTOP","1440x900","100_PERCENT","FULL","e02ee0dae0469a2ba573beaf409c0b34e8668d09","Chromium 141.0.7390.37","Development_Docs/Projects/Project_Homeport/evidence/phase6/HP-P6-EV-025-register-standard-desktop.png","a45707a63bd4b58490a5266799d476e90192612d05834bb97db84211207bdf84","ACCEPTED","NONE_AFTER_SOURCE_BOUND_VISUAL_REVIEW","NOT_REQUIRED_AFTER_CAPTURE","ACTIVE_ACCEPTED"
"HP-P6-EV-026-register-modern-mobile","screen-page-register","/register","Identity and session","READY_POPULATED","HIGH","homeport-phase6-v1","ANONYMOUS","MODERN_MOBILE","390x844","100_PERCENT","FULL","e02ee0dae0469a2ba573beaf409c0b34e8668d09","Chromium 141.0.7390.37","Development_Docs/Projects/Project_Homeport/evidence/phase6/HP-P6-EV-026-register-modern-mobile.png","b9bdd617379b828733806a855a627cacc53b1b66ad48c1a235b865cb34d055b5","ACCEPTED","NONE_AFTER_SOURCE_BOUND_VISUAL_REVIEW","NOT_REQUIRED_AFTER_CAPTURE","ACTIVE_ACCEPTED"
"HP-P6-EV-027-forgot-password-standard-desktop","screen-page-forgot-password","/forgot-password","Identity and session","READY_POPULATED","HIGH","homeport-phase6-v1","ANONYMOUS","STANDARD_DESKTOP","1440x900","100_PERCENT","FULL","e02ee0dae0469a2ba573beaf409c0b34e8668d09","Chromium 141.0.7390.37","Development_Docs/Projects/Project_Homeport/evidence/phase6/HP-P6-EV-027-forgot-password-standard-desktop.png","ea316bafb2ed6dc76068bd0aff71926ed91210c60379fe7b222c0a3f741f9251","ACCEPTED","NONE_AFTER_SOURCE_BOUND_VISUAL_REVIEW","NOT_REQUIRED_AFTER_CAPTURE","ACTIVE_ACCEPTED"
"HP-P6-EV-028-forgot-password-modern-mobile","screen-page-forgot-password","/forgot-password","Identity and session","READY_POPULATED","HIGH","homeport-phase6-v1","ANONYMOUS","MODERN_MOBILE","390x844","100_PERCENT","FULL","e02ee0dae0469a2ba573beaf409c0b34e8668d09","Chromium 141.0.7390.37","Development_Docs/Projects/Project_Homeport/evidence/phase6/HP-P6-EV-028-forgot-password-modern-mobile.png","14d57501429e8c01581dbb84542ccbf333ef567f5cbff62dfba884b866b911c6","ACCEPTED","NONE_AFTER_SOURCE_BOUND_VISUAL_REVIEW","NOT_REQUIRED_AFTER_CAPTURE","ACTIVE_ACCEPTED"
"HP-P6-EV-029-reset-password-standard-desktop","screen-page-reset-password","/reset-password","Identity and session","READY_POPULATED","HIGH","homeport-phase6-v1","ANONYMOUS","STANDARD_DESKTOP","1440x900","100_PERCENT","FULL","e02ee0dae0469a2ba573beaf409c0b34e8668d09","Chromium 141.0.7390.37","Development_Docs/Projects/Project_Homeport/evidence/phase6/HP-P6-EV-029-reset-password-standard-desktop.png","e5ce65930671e88810e36347ef0a0275222e643d0024dee5dc876b58f556d2a3","ACCEPTED","NONE_AFTER_SOURCE_BOUND_VISUAL_REVIEW","NOT_REQUIRED_AFTER_CAPTURE","ACTIVE_ACCEPTED"
"HP-P6-EV-030-reset-password-modern-mobile","screen-page-reset-password","/reset-password","Identity and session","READY_POPULATED","HIGH","homeport-phase6-v1","ANONYMOUS","MODERN_MOBILE","390x844","100_PERCENT","FULL","e02ee0dae0469a2ba573beaf409c0b34e8668d09","Chromium 141.0.7390.37","Development_Docs/Projects/Project_Homeport/evidence/phase6/HP-P6-EV-030-reset-password-modern-mobile.png","c0764db319658664a840f1cab8ade895da05cb3292c467601fb38d39311b2ea9","ACCEPTED","NONE_AFTER_SOURCE_BOUND_VISUAL_REVIEW","NOT_REQUIRED_AFTER_CAPTURE","ACTIVE_ACCEPTED"
"HP-P6-EV-031-verify-email-standard-desktop","screen-page-verify-email","/verify-email","Identity and session","READY_POPULATED","HIGH","homeport-phase6-v1","ANONYMOUS","STANDARD_DESKTOP","1440x900","100_PERCENT","FULL","e02ee0dae0469a2ba573beaf409c0b34e8668d09","Chromium 141.0.7390.37","Development_Docs/Projects/Project_Homeport/evidence/phase6/HP-P6-EV-031-verify-email-standard-desktop.png","face9f60875ba92edcf02db4b037fa10eb5c4af1a8a1c6d299c7cac85f24a3ce","ACCEPTED","NONE_AFTER_SOURCE_BOUND_VISUAL_REVIEW","NOT_REQUIRED_AFTER_CAPTURE","ACTIVE_ACCEPTED"
"HP-P6-EV-032-verify-email-modern-mobile","screen-page-verify-email","/verify-email","Identity and session","READY_POPULATED","HIGH","homeport-phase6-v1","ANONYMOUS","MODERN_MOBILE","390x844","100_PERCENT","FULL","e02ee0dae0469a2ba573beaf409c0b34e8668d09","Chromium 141.0.7390.37","Development_Docs/Projects/Project_Homeport/evidence/phase6/HP-P6-EV-032-verify-email-modern-mobile.png","bb0470517205f1fe1044783cd53b93f15ba76dfd20f967bad1f8a0285b06b3aa","ACCEPTED","NONE_AFTER_SOURCE_BOUND_VISUAL_REVIEW","NOT_REQUIRED_AFTER_CAPTURE","ACTIVE_ACCEPTED"
"HP-P6-EV-033-account-security-standard-desktop","screen-page-account-security","/account/security","Personal Harbor","READY_POPULATED","HIGH","homeport-phase6-v1","AUTHENTICATED_PLAYER_CAPTAIN_CREATOR","STANDARD_DESKTOP","1440x900","100_PERCENT","FULL","e02ee0dae0469a2ba573beaf409c0b34e8668d09","Chromium 141.0.7390.37","Development_Docs/Projects/Project_Homeport/evidence/phase6/HP-P6-EV-033-account-security-standard-desktop.png","75838e8fc1ab84f02deb3511b55bb6273c35db636c21872be263087322c0a36a","ACCEPTED","NONE_AFTER_SOURCE_BOUND_VISUAL_REVIEW","NOT_REQUIRED_AFTER_CAPTURE","ACTIVE_ACCEPTED"
"HP-P6-EV-034-account-security-modern-mobile","screen-page-account-security","/account/security","Personal Harbor","READY_POPULATED","HIGH","homeport-phase6-v1","AUTHENTICATED_PLAYER_CAPTAIN_CREATOR","MODERN_MOBILE","390x844","100_PERCENT","FULL","e02ee0dae0469a2ba573beaf409c0b34e8668d09","Chromium 141.0.7390.37","Development_Docs/Projects/Project_Homeport/evidence/phase6/HP-P6-EV-034-account-security-modern-mobile.png","2dbc7510c0f0d07592de9e441cd78b7d5ff55875cd1ae9b56e4fe60fea80b1bd","ACCEPTED","NONE_AFTER_SOURCE_BOUND_VISUAL_REVIEW","NOT_REQUIRED_AFTER_CAPTURE","ACTIVE_ACCEPTED"
"HP-P6-EV-035-account-sessions-standard-desktop","screen-page-account-sessions","/account/sessions","Personal Harbor","READY_POPULATED","HIGH","homeport-phase6-v1","AUTHENTICATED_PLAYER_CAPTAIN_CREATOR","STANDARD_DESKTOP","1440x900","100_PERCENT","FULL","e02ee0dae0469a2ba573beaf409c0b34e8668d09","Chromium 141.0.7390.37","Development_Docs/Projects/Project_Homeport/evidence/phase6/HP-P6-EV-035-account-sessions-standard-desktop.png","f83f81ab99a7dddab9dd0a1117a5cd5c737f9691ed38ba7d839fb1e085cf3293","ACCEPTED","NONE_AFTER_SOURCE_BOUND_VISUAL_REVIEW","NOT_REQUIRED_AFTER_CAPTURE","ACTIVE_ACCEPTED"
"HP-P6-EV-036-account-sessions-modern-mobile","screen-page-account-sessions","/account/sessions","Personal Harbor","READY_POPULATED","HIGH","homeport-phase6-v1","AUTHENTICATED_PLAYER_CAPTAIN_CREATOR","MODERN_MOBILE","390x844","100_PERCENT","FULL","e02ee0dae0469a2ba573beaf409c0b34e8668d09","Chromium 141.0.7390.37","Development_Docs/Projects/Project_Homeport/evidence/phase6/HP-P6-EV-036-account-sessions-modern-mobile.png","47157dfbe98f3f38b65fe51d6949e333a6277994bdbbf2e30b9a7c2e7a522f73","ACCEPTED","NONE_AFTER_SOURCE_BOUND_VISUAL_REVIEW","NOT_REQUIRED_AFTER_CAPTURE","ACTIVE_ACCEPTED"
"HP-P6-EV-037-passport-history-standard-desktop","screen-page-passport-history","/passport/history","Chronicle Passport","READY_POPULATED","HIGH","homeport-phase6-v1","AUTHENTICATED_PLAYER_CAPTAIN_CREATOR","STANDARD_DESKTOP","1440x900","100_PERCENT","FULL","e02ee0dae0469a2ba573beaf409c0b34e8668d09","Chromium 141.0.7390.37","Development_Docs/Projects/Project_Homeport/evidence/phase6/HP-P6-EV-037-passport-history-standard-desktop.png","b8d58e4b4a94950ff0844302d4ecbfc3233ead3f38c81a7badc3e9a8b6614440","ACCEPTED","NONE_AFTER_SOURCE_BOUND_VISUAL_REVIEW","NOT_REQUIRED_AFTER_CAPTURE","ACTIVE_ACCEPTED"
"HP-P6-EV-038-passport-history-modern-mobile","screen-page-passport-history","/passport/history","Chronicle Passport","READY_POPULATED","HIGH","homeport-phase6-v1","AUTHENTICATED_PLAYER_CAPTAIN_CREATOR","MODERN_MOBILE","390x844","100_PERCENT","FULL","e02ee0dae0469a2ba573beaf409c0b34e8668d09","Chromium 141.0.7390.37","Development_Docs/Projects/Project_Homeport/evidence/phase6/HP-P6-EV-038-passport-history-modern-mobile.png","0c270ff0f317ad47d9b0c9ed171dc96eb6eb6a3e884b4330f94550f937892b25","ACCEPTED","NONE_AFTER_SOURCE_BOUND_VISUAL_REVIEW","NOT_REQUIRED_AFTER_CAPTURE","ACTIVE_ACCEPTED"
"HP-P6-EV-039-passport-history-record-d--standard-desktop","screen-page-passport-history-recordId","/passport/history/[recordId]","Chronicle Passport","READY_POPULATED","HIGH","homeport-phase6-v1","AUTHENTICATED_PLAYER_CAPTAIN_CREATOR","STANDARD_DESKTOP","1440x900","100_PERCENT","FULL","e02ee0dae0469a2ba573beaf409c0b34e8668d09","Chromium 141.0.7390.37","Development_Docs/Projects/Project_Homeport/evidence/phase6/HP-P6-EV-039-passport-history-record-d--standard-desktop.png","16432a056718c596e028e93ebee90718011cb3c62eda17096902e2ca390ab17d","ACCEPTED","NONE_AFTER_SOURCE_BOUND_VISUAL_REVIEW","NOT_REQUIRED_AFTER_CAPTURE","ACTIVE_ACCEPTED"
"HP-P6-EV-040-passport-history-record-d--modern-mobile","screen-page-passport-history-recordId","/passport/history/[recordId]","Chronicle Passport","READY_POPULATED","HIGH","homeport-phase6-v1","AUTHENTICATED_PLAYER_CAPTAIN_CREATOR","MODERN_MOBILE","390x844","100_PERCENT","FULL","e02ee0dae0469a2ba573beaf409c0b34e8668d09","Chromium 141.0.7390.37","Development_Docs/Projects/Project_Homeport/evidence/phase6/HP-P6-EV-040-passport-history-record-d--modern-mobile.png","a21843cd4c941c31a6660edea2ea9fb8ea0f037e6c595f7bf74d3c3fd6e2899c","ACCEPTED","NONE_AFTER_SOURCE_BOUND_VISUAL_REVIEW","NOT_REQUIRED_AFTER_CAPTURE","ACTIVE_ACCEPTED"
"HP-P6-EV-041-passport-artifacts-standard-desktop","screen-page-passport-artifacts","/passport/artifacts","Chronicle Passport","READY_POPULATED","HIGH","homeport-phase6-v1","AUTHENTICATED_PLAYER_CAPTAIN_CREATOR","STANDARD_DESKTOP","1440x900","100_PERCENT","FULL","e02ee0dae0469a2ba573beaf409c0b34e8668d09","Chromium 141.0.7390.37","Development_Docs/Projects/Project_Homeport/evidence/phase6/HP-P6-EV-041-passport-artifacts-standard-desktop.png","bc401d6705089e21d0a637e51090ccb1675a9eac6ba51694018f16dbd1cd9008","ACCEPTED","NONE_AFTER_SOURCE_BOUND_VISUAL_REVIEW","NOT_REQUIRED_AFTER_CAPTURE","ACTIVE_ACCEPTED"
"HP-P6-EV-042-passport-artifacts-modern-mobile","screen-page-passport-artifacts","/passport/artifacts","Chronicle Passport","READY_POPULATED","HIGH","homeport-phase6-v1","AUTHENTICATED_PLAYER_CAPTAIN_CREATOR","MODERN_MOBILE","390x844","100_PERCENT","FULL","e02ee0dae0469a2ba573beaf409c0b34e8668d09","Chromium 141.0.7390.37","Development_Docs/Projects/Project_Homeport/evidence/phase6/HP-P6-EV-042-passport-artifacts-modern-mobile.png","b87c15c77a70caab36a8ed59e282262a43e37af0e42100b9e081dbd1b80a5557","ACCEPTED","NONE_AFTER_SOURCE_BOUND_VISUAL_REVIEW","NOT_REQUIRED_AFTER_CAPTURE","ACTIVE_ACCEPTED"
"HP-P6-EV-043-passport-artifacts-artifact-d--standard-desktop","screen-page-passport-artifacts-artifactId","/passport/artifacts/[artifactId]","Chronicle Passport","READY_POPULATED","HIGH","homeport-phase6-v1","AUTHENTICATED_PLAYER_CAPTAIN_CREATOR","STANDARD_DESKTOP","1440x900","100_PERCENT","FULL","e02ee0dae0469a2ba573beaf409c0b34e8668d09","Chromium 141.0.7390.37","Development_Docs/Projects/Project_Homeport/evidence/phase6/HP-P6-EV-043-passport-artifacts-artifact-d--standard-desktop.png","bcbd28bf40dd5bac14af3450c66a38d0d0f3fa06a95c6c92c9baf0521af3c320","ACCEPTED","NONE_AFTER_SOURCE_BOUND_VISUAL_REVIEW","NOT_REQUIRED_AFTER_CAPTURE","ACTIVE_ACCEPTED"
"HP-P6-EV-044-passport-artifacts-artifact-d--modern-mobile","screen-page-passport-artifacts-artifactId","/passport/artifacts/[artifactId]","Chronicle Passport","READY_POPULATED","HIGH","homeport-phase6-v1","AUTHENTICATED_PLAYER_CAPTAIN_CREATOR","MODERN_MOBILE","390x844","100_PERCENT","FULL","e02ee0dae0469a2ba573beaf409c0b34e8668d09","Chromium 141.0.7390.37","Development_Docs/Projects/Project_Homeport/evidence/phase6/HP-P6-EV-044-passport-artifacts-artifact-d--modern-mobile.png","2f5af46e667e803a5acb41a135196bebe28dd773a19254e58c60c449e1e31885","ACCEPTED","NONE_AFTER_SOURCE_BOUND_VISUAL_REVIEW","NOT_REQUIRED_AFTER_CAPTURE","ACTIVE_ACCEPTED"
"HP-P6-EV-045-community-chronicles-standard-desktop","screen-page-community-chronicles","/community/chronicles","Community Harbor","READY_POPULATED","HIGH","homeport-phase6-v1","ANONYMOUS","STANDARD_DESKTOP","1440x900","100_PERCENT","FULL","e02ee0dae0469a2ba573beaf409c0b34e8668d09","Chromium 141.0.7390.37","Development_Docs/Projects/Project_Homeport/evidence/phase6/HP-P6-EV-045-community-chronicles-standard-desktop.png","e38d7d7ffc4f323486d9c331474c1d2e470dfef592436f0ae61547437b5d8216","ACCEPTED","NONE_AFTER_SOURCE_BOUND_VISUAL_REVIEW","NOT_REQUIRED_AFTER_CAPTURE","ACTIVE_ACCEPTED"
"HP-P6-EV-046-community-chronicles-modern-mobile","screen-page-community-chronicles","/community/chronicles","Community Harbor","READY_POPULATED","HIGH","homeport-phase6-v1","ANONYMOUS","MODERN_MOBILE","390x844","100_PERCENT","FULL","e02ee0dae0469a2ba573beaf409c0b34e8668d09","Chromium 141.0.7390.37","Development_Docs/Projects/Project_Homeport/evidence/phase6/HP-P6-EV-046-community-chronicles-modern-mobile.png","0385165c20204bac7b31775aace90f586dd2a7dc0cf5b8486d168d1d00ae6ad9","ACCEPTED","NONE_AFTER_SOURCE_BOUND_VISUAL_REVIEW","NOT_REQUIRED_AFTER_CAPTURE","ACTIVE_ACCEPTED"
"HP-P6-EV-047-community-slug-standard-desktop","screen-page-community-slug","/community/[slug]","Community Harbor","READY_POPULATED","HIGH","homeport-phase6-v1","ANONYMOUS","STANDARD_DESKTOP","1440x900","100_PERCENT","FULL","e02ee0dae0469a2ba573beaf409c0b34e8668d09","Chromium 141.0.7390.37","Development_Docs/Projects/Project_Homeport/evidence/phase6/HP-P6-EV-047-community-slug-standard-desktop.png","6b7da7672450d446f7187ad1ccb4ca858f3e7637b563fa3cc5d0155369cdb87a","ACCEPTED","NONE_AFTER_SOURCE_BOUND_VISUAL_REVIEW","NOT_REQUIRED_AFTER_CAPTURE","ACTIVE_ACCEPTED"
"HP-P6-EV-048-community-slug-modern-mobile","screen-page-community-slug","/community/[slug]","Community Harbor","READY_POPULATED","HIGH","homeport-phase6-v1","ANONYMOUS","MODERN_MOBILE","390x844","100_PERCENT","FULL","e02ee0dae0469a2ba573beaf409c0b34e8668d09","Chromium 141.0.7390.37","Development_Docs/Projects/Project_Homeport/evidence/phase6/HP-P6-EV-048-community-slug-modern-mobile.png","e5afff627765ea39b4864eb3763e1421eac4a83b89a75e59a2e9c3c8dc79458d","ACCEPTED","NONE_AFTER_SOURCE_BOUND_VISUAL_REVIEW","NOT_REQUIRED_AFTER_CAPTURE","ACTIVE_ACCEPTED"
"HP-P6-EV-049-community-collections-slug-standard-desktop","screen-page-community-collections-slug","/community/collections/[slug]","Community Harbor","READY_POPULATED","HIGH","homeport-phase6-v1","ANONYMOUS","STANDARD_DESKTOP","1440x900","100_PERCENT","FULL","e02ee0dae0469a2ba573beaf409c0b34e8668d09","Chromium 141.0.7390.37","Development_Docs/Projects/Project_Homeport/evidence/phase6/HP-P6-EV-049-community-collections-slug-standard-desktop.png","4590ee70697bce08c89a8491b68326100ed004e968a793ea272c2cb6aabd1f41","ACCEPTED","NONE_AFTER_SOURCE_BOUND_VISUAL_REVIEW","NOT_REQUIRED_AFTER_CAPTURE","ACTIVE_ACCEPTED"
"HP-P6-EV-050-community-collections-slug-modern-mobile","screen-page-community-collections-slug","/community/collections/[slug]","Community Harbor","READY_POPULATED","HIGH","homeport-phase6-v1","ANONYMOUS","MODERN_MOBILE","390x844","100_PERCENT","FULL","e02ee0dae0469a2ba573beaf409c0b34e8668d09","Chromium 141.0.7390.37","Development_Docs/Projects/Project_Homeport/evidence/phase6/HP-P6-EV-050-community-collections-slug-modern-mobile.png","245a7c790bd2e44765c51b64537cccb732d8fb7588f948a132d68decfee738fc","ACCEPTED","NONE_AFTER_SOURCE_BOUND_VISUAL_REVIEW","NOT_REQUIRED_AFTER_CAPTURE","ACTIVE_ACCEPTED"
"HP-P6-EV-051-community-moderation-standard-desktop","screen-page-community-moderation","/community/moderation","Community Harbor","READY_POPULATED","HIGH","homeport-phase6-v1","AUTHENTICATED_MODERATOR","STANDARD_DESKTOP","1440x900","100_PERCENT","FULL","e02ee0dae0469a2ba573beaf409c0b34e8668d09","Chromium 141.0.7390.37","Development_Docs/Projects/Project_Homeport/evidence/phase6/HP-P6-EV-051-community-moderation-standard-desktop.png","be061a7134a4e347ef4169a21e000f083dd77bad3c4ee6abe628effd0322e723","ACCEPTED","NONE_AFTER_SOURCE_BOUND_VISUAL_REVIEW","NOT_REQUIRED_AFTER_CAPTURE","ACTIVE_ACCEPTED"
"HP-P6-EV-052-community-moderation-modern-mobile","screen-page-community-moderation","/community/moderation","Community Harbor","READY_POPULATED","HIGH","homeport-phase6-v1","AUTHENTICATED_MODERATOR","MODERN_MOBILE","390x844","100_PERCENT","FULL","e02ee0dae0469a2ba573beaf409c0b34e8668d09","Chromium 141.0.7390.37","Development_Docs/Projects/Project_Homeport/evidence/phase6/HP-P6-EV-052-community-moderation-modern-mobile.png","724568a2c3d364afd472cc3401287cd0491ac429cd447cb556be4fce497f1bf5","ACCEPTED","NONE_AFTER_SOURCE_BOUND_VISUAL_REVIEW","NOT_REQUIRED_AFTER_CAPTURE","ACTIVE_ACCEPTED"
"HP-P6-EV-053-player-playthroughs-playthroughid-journal-standard-desktop","screen-page-player-playthroughs-playthroughid-journal","/player/playthroughs/[playthroughId]/journal","Player","READY_POPULATED","HIGH","homeport-phase6-v1","AUTHENTICATED_PLAYER_CAPTAIN_CREATOR","STANDARD_DESKTOP","1440x900","100_PERCENT","FULL","e02ee0dae0469a2ba573beaf409c0b34e8668d09","Chromium 141.0.7390.37","Development_Docs/Projects/Project_Homeport/evidence/phase6/HP-P6-EV-053-player-playthroughs-playthroughid-journal-standard-desktop.png","3a82df1c90d0e263d86a51d18dbb2b06d4d86aa39477e04be880fea9080d41e7","ACCEPTED","NONE_AFTER_SOURCE_BOUND_VISUAL_REVIEW","NOT_REQUIRED_AFTER_CAPTURE","ACTIVE_ACCEPTED"
"HP-P6-EV-054-player-playthroughs-playthroughid-journal-modern-mobile","screen-page-player-playthroughs-playthroughid-journal","/player/playthroughs/[playthroughId]/journal","Player","READY_POPULATED","HIGH","homeport-phase6-v1","AUTHENTICATED_PLAYER_CAPTAIN_CREATOR","MODERN_MOBILE","390x844","100_PERCENT","FULL","e02ee0dae0469a2ba573beaf409c0b34e8668d09","Chromium 141.0.7390.37","Development_Docs/Projects/Project_Homeport/evidence/phase6/HP-P6-EV-054-player-playthroughs-playthroughid-journal-modern-mobile.png","03493df3063d7b81cb6923d8bb4787f68d2e513d7b438898895b59820fa59f31","ACCEPTED","NONE_AFTER_SOURCE_BOUND_VISUAL_REVIEW","NOT_REQUIRED_AFTER_CAPTURE","ACTIVE_ACCEPTED"
"HP-P6-EV-055-player-invitation-standard-desktop","screen-page-player-invitation","/player/invitation","Player","READY_POPULATED","HIGH","homeport-phase6-v1","ANONYMOUS","STANDARD_DESKTOP","1440x900","100_PERCENT","FULL","e02ee0dae0469a2ba573beaf409c0b34e8668d09","Chromium 141.0.7390.37","Development_Docs/Projects/Project_Homeport/evidence/phase6/HP-P6-EV-055-player-invitation-standard-desktop.png","29a90c7f20a6a03c8564bddbe1c88e4d745d3fad4617ce49f51797eaa13388bd","ACCEPTED","NONE_AFTER_SOURCE_BOUND_VISUAL_REVIEW","NOT_REQUIRED_AFTER_CAPTURE","ACTIVE_ACCEPTED"
"HP-P6-EV-056-player-invitation-modern-mobile","screen-page-player-invitation","/player/invitation","Player","READY_POPULATED","HIGH","homeport-phase6-v1","ANONYMOUS","MODERN_MOBILE","390x844","100_PERCENT","FULL","e02ee0dae0469a2ba573beaf409c0b34e8668d09","Chromium 141.0.7390.37","Development_Docs/Projects/Project_Homeport/evidence/phase6/HP-P6-EV-056-player-invitation-modern-mobile.png","77e48587bfd5ef8d39b68058d4653d15ae906f55e6b957e1b4d7c1031f3caf1e","ACCEPTED","NONE_AFTER_SOURCE_BOUND_VISUAL_REVIEW","NOT_REQUIRED_AFTER_CAPTURE","ACTIVE_ACCEPTED"
"HP-P6-EV-057-studio-private-content-standard-desktop","screen-page-studio-private-content","/studio/private-content","Creator Studio","READY_POPULATED","HIGH","homeport-phase6-v1","AUTHENTICATED_PLAYER_CAPTAIN_CREATOR","STANDARD_DESKTOP","1440x900","100_PERCENT","FULL","e02ee0dae0469a2ba573beaf409c0b34e8668d09","Chromium 141.0.7390.37","Development_Docs/Projects/Project_Homeport/evidence/phase6/HP-P6-EV-057-studio-private-content-standard-desktop.png","6e232be960956484613f636949f94b664d081d06a8063266757716268a8ef6b6","ACCEPTED","NONE_AFTER_SOURCE_BOUND_VISUAL_REVIEW","NOT_REQUIRED_AFTER_CAPTURE","ACTIVE_ACCEPTED"
"HP-P6-EV-058-studio-private-content-modern-mobile","screen-page-studio-private-content","/studio/private-content","Creator Studio","READY_POPULATED","HIGH","homeport-phase6-v1","AUTHENTICATED_PLAYER_CAPTAIN_CREATOR","MODERN_MOBILE","390x844","100_PERCENT","FULL","e02ee0dae0469a2ba573beaf409c0b34e8668d09","Chromium 141.0.7390.37","Development_Docs/Projects/Project_Homeport/evidence/phase6/HP-P6-EV-058-studio-private-content-modern-mobile.png","495f7bd7fe00884cc0f2a18a8989b09eda4b407cde6bbdd295c4d551e4cb6ea5","ACCEPTED","NONE_AFTER_SOURCE_BOUND_VISUAL_REVIEW","NOT_REQUIRED_AFTER_CAPTURE","ACTIVE_ACCEPTED"
"HP-P6-EV-059-root-compact-desktop","screen-page-root","/","Gateway and public shell","READY_POPULATED","CRITICAL","homeport-phase6-v1","ANONYMOUS","COMPACT_DESKTOP","1280x720","100_PERCENT","FULL","e02ee0dae0469a2ba573beaf409c0b34e8668d09","Chromium 141.0.7390.37","Development_Docs/Projects/Project_Homeport/evidence/phase6/HP-P6-EV-059-root-compact-desktop.png","a0c60c92789c9e6e81ee33bfbdaa6e17ab33f5968a7219ce2e7aaa94cdb3bd0e","ACCEPTED","NONE_AFTER_SOURCE_BOUND_VISUAL_REVIEW","NOT_REQUIRED_AFTER_CAPTURE","ACTIVE_ACCEPTED"
"HP-P6-EV-060-root-tablet-landscape","screen-page-root","/","Gateway and public shell","READY_POPULATED","CRITICAL","homeport-phase6-v1","ANONYMOUS","TABLET_LANDSCAPE","1024x768","100_PERCENT","FULL","e02ee0dae0469a2ba573beaf409c0b34e8668d09","Chromium 141.0.7390.37","Development_Docs/Projects/Project_Homeport/evidence/phase6/HP-P6-EV-060-root-tablet-landscape.png","552b034dcec3e851ade36bb26c0e9a09fcc0b612293796accde743b2621bbb60","ACCEPTED","NONE_AFTER_SOURCE_BOUND_VISUAL_REVIEW","NOT_REQUIRED_AFTER_CAPTURE","ACTIVE_ACCEPTED"
"HP-P6-EV-061-root-tablet-portrait","screen-page-root","/","Gateway and public shell","READY_POPULATED","CRITICAL","homeport-phase6-v1","ANONYMOUS","TABLET_PORTRAIT","768x1024","100_PERCENT","FULL","e02ee0dae0469a2ba573beaf409c0b34e8668d09","Chromium 141.0.7390.37","Development_Docs/Projects/Project_Homeport/evidence/phase6/HP-P6-EV-061-root-tablet-portrait.png","1fdc6eeb27a6757c7dcea672d9122291125a2dc8295a33076c354df13157c27a","ACCEPTED","NONE_AFTER_SOURCE_BOUND_VISUAL_REVIEW","NOT_REQUIRED_AFTER_CAPTURE","ACTIVE_ACCEPTED"
"HP-P6-EV-062-root-narrow-mobile","screen-page-root","/","Gateway and public shell","READY_POPULATED","CRITICAL","homeport-phase6-v1","ANONYMOUS","NARROW_MOBILE","320x568","100_PERCENT","FULL","e02ee0dae0469a2ba573beaf409c0b34e8668d09","Chromium 141.0.7390.37","Development_Docs/Projects/Project_Homeport/evidence/phase6/HP-P6-EV-062-root-narrow-mobile.png","d4ad1ba26a669c9dcdb75be4882db7c3e9aa558e5e6150d8ad6e183abbbb62af","ACCEPTED","NONE_AFTER_SOURCE_BOUND_VISUAL_REVIEW","NOT_REQUIRED_AFTER_CAPTURE","ACTIVE_ACCEPTED"
"HP-P6-EV-063-sign-in-compact-desktop","screen-page-sign-in","/sign-in","Identity and session","READY_POPULATED","CRITICAL","homeport-phase6-v1","ANONYMOUS","COMPACT_DESKTOP","1280x720","100_PERCENT","FULL","e02ee0dae0469a2ba573beaf409c0b34e8668d09","Chromium 141.0.7390.37","Development_Docs/Projects/Project_Homeport/evidence/phase6/HP-P6-EV-063-sign-in-compact-desktop.png","0f40c41ae2a92fdc92b295ca3269d05339cb2ad0aeeffaea73932f43d18f4dcd","ACCEPTED","NONE_AFTER_SOURCE_BOUND_VISUAL_REVIEW","NOT_REQUIRED_AFTER_CAPTURE","ACTIVE_ACCEPTED"
"HP-P6-EV-064-sign-in-tablet-landscape","screen-page-sign-in","/sign-in","Identity and session","READY_POPULATED","CRITICAL","homeport-phase6-v1","ANONYMOUS","TABLET_LANDSCAPE","1024x768","100_PERCENT","FULL","e02ee0dae0469a2ba573beaf409c0b34e8668d09","Chromium 141.0.7390.37","Development_Docs/Projects/Project_Homeport/evidence/phase6/HP-P6-EV-064-sign-in-tablet-landscape.png","b93fadc848959a0d68f9c1562d558b218481c080784940c10f2f815edd2bd470","ACCEPTED","NONE_AFTER_SOURCE_BOUND_VISUAL_REVIEW","NOT_REQUIRED_AFTER_CAPTURE","ACTIVE_ACCEPTED"
"HP-P6-EV-065-sign-in-tablet-portrait","screen-page-sign-in","/sign-in","Identity and session","READY_POPULATED","CRITICAL","homeport-phase6-v1","ANONYMOUS","TABLET_PORTRAIT","768x1024","100_PERCENT","FULL","e02ee0dae0469a2ba573beaf409c0b34e8668d09","Chromium 141.0.7390.37","Development_Docs/Projects/Project_Homeport/evidence/phase6/HP-P6-EV-065-sign-in-tablet-portrait.png","45f849ad1413cd8a3251b0c3b0d048c64661c481336b41182f3d970005313d98","ACCEPTED","NONE_AFTER_SOURCE_BOUND_VISUAL_REVIEW","NOT_REQUIRED_AFTER_CAPTURE","ACTIVE_ACCEPTED"
"HP-P6-EV-066-sign-in-narrow-mobile","screen-page-sign-in","/sign-in","Identity and session","READY_POPULATED","CRITICAL","homeport-phase6-v1","ANONYMOUS","NARROW_MOBILE","320x568","100_PERCENT","FULL","e02ee0dae0469a2ba573beaf409c0b34e8668d09","Chromium 141.0.7390.37","Development_Docs/Projects/Project_Homeport/evidence/phase6/HP-P6-EV-066-sign-in-narrow-mobile.png","e7bff0687eb4f80969e40873f30878888d7e11a37d9859f5c860fa59d0300089","ACCEPTED","NONE_AFTER_SOURCE_BOUND_VISUAL_REVIEW","NOT_REQUIRED_AFTER_CAPTURE","ACTIVE_ACCEPTED"
"HP-P6-EV-067-player-library-compact-desktop","screen-page-player-library","/player/library","Player","READY_POPULATED","CRITICAL","homeport-phase6-v1","AUTHENTICATED_PLAYER_CAPTAIN_CREATOR","COMPACT_DESKTOP","1280x720","100_PERCENT","FULL","e02ee0dae0469a2ba573beaf409c0b34e8668d09","Chromium 141.0.7390.37","Development_Docs/Projects/Project_Homeport/evidence/phase6/HP-P6-EV-067-player-library-compact-desktop.png","8c35d170f2bc87916a9b05b44ab6b94656c78198efbe521861ddc34388ee9a4d","ACCEPTED","NONE_AFTER_SOURCE_BOUND_VISUAL_REVIEW","NOT_REQUIRED_AFTER_CAPTURE","ACTIVE_ACCEPTED"
"HP-P6-EV-068-player-library-tablet-landscape","screen-page-player-library","/player/library","Player","READY_POPULATED","CRITICAL","homeport-phase6-v1","AUTHENTICATED_PLAYER_CAPTAIN_CREATOR","TABLET_LANDSCAPE","1024x768","100_PERCENT","FULL","e02ee0dae0469a2ba573beaf409c0b34e8668d09","Chromium 141.0.7390.37","Development_Docs/Projects/Project_Homeport/evidence/phase6/HP-P6-EV-068-player-library-tablet-landscape.png","e3e988a15c627a3a966787cc1a7345c18e22c267ef3a365a96fe6142f5eb5474","ACCEPTED","NONE_AFTER_SOURCE_BOUND_VISUAL_REVIEW","NOT_REQUIRED_AFTER_CAPTURE","ACTIVE_ACCEPTED"
"HP-P6-EV-069-player-library-tablet-portrait","screen-page-player-library","/player/library","Player","READY_POPULATED","CRITICAL","homeport-phase6-v1","AUTHENTICATED_PLAYER_CAPTAIN_CREATOR","TABLET_PORTRAIT","768x1024","100_PERCENT","FULL","e02ee0dae0469a2ba573beaf409c0b34e8668d09","Chromium 141.0.7390.37","Development_Docs/Projects/Project_Homeport/evidence/phase6/HP-P6-EV-069-player-library-tablet-portrait.png","5a678cc3a62719a4b247d67384ce1dadcd4a15098749ca54dc61e507123e2730","ACCEPTED","NONE_AFTER_SOURCE_BOUND_VISUAL_REVIEW","NOT_REQUIRED_AFTER_CAPTURE","ACTIVE_ACCEPTED"
"HP-P6-EV-070-player-library-narrow-mobile","screen-page-player-library","/player/library","Player","READY_POPULATED","CRITICAL","homeport-phase6-v1","AUTHENTICATED_PLAYER_CAPTAIN_CREATOR","NARROW_MOBILE","320x568","100_PERCENT","FULL","e02ee0dae0469a2ba573beaf409c0b34e8668d09","Chromium 141.0.7390.37","Development_Docs/Projects/Project_Homeport/evidence/phase6/HP-P6-EV-070-player-library-narrow-mobile.png","3bff74cf729e1ff0a3a7a02afdc22133acce66084faa09c27d4aa067970c7464","ACCEPTED","NONE_AFTER_SOURCE_BOUND_VISUAL_REVIEW","NOT_REQUIRED_AFTER_CAPTURE","ACTIVE_ACCEPTED"
"HP-P6-EV-071-captain-library-compact-desktop","screen-page-captain-library","/captain/library","Captain","READY_POPULATED","CRITICAL","homeport-phase6-v1","AUTHENTICATED_PLAYER_CAPTAIN_CREATOR","COMPACT_DESKTOP","1280x720","100_PERCENT","FULL","e02ee0dae0469a2ba573beaf409c0b34e8668d09","Chromium 141.0.7390.37","Development_Docs/Projects/Project_Homeport/evidence/phase6/HP-P6-EV-071-captain-library-compact-desktop.png","c3359389054143bef9a442f044e3ab6c732a441f11c8a23a223925e0ce167163","ACCEPTED","NONE_AFTER_SOURCE_BOUND_VISUAL_REVIEW","NOT_REQUIRED_AFTER_CAPTURE","ACTIVE_ACCEPTED"
"HP-P6-EV-072-captain-library-tablet-landscape","screen-page-captain-library","/captain/library","Captain","READY_POPULATED","CRITICAL","homeport-phase6-v1","AUTHENTICATED_PLAYER_CAPTAIN_CREATOR","TABLET_LANDSCAPE","1024x768","100_PERCENT","FULL","e02ee0dae0469a2ba573beaf409c0b34e8668d09","Chromium 141.0.7390.37","Development_Docs/Projects/Project_Homeport/evidence/phase6/HP-P6-EV-072-captain-library-tablet-landscape.png","354195bd94c4a8ac56943ddc952546daa2eed901ce489184f97869fa7177cfdb","ACCEPTED","NONE_AFTER_SOURCE_BOUND_VISUAL_REVIEW","NOT_REQUIRED_AFTER_CAPTURE","ACTIVE_ACCEPTED"
"HP-P6-EV-073-captain-library-tablet-portrait","screen-page-captain-library","/captain/library","Captain","READY_POPULATED","CRITICAL","homeport-phase6-v1","AUTHENTICATED_PLAYER_CAPTAIN_CREATOR","TABLET_PORTRAIT","768x1024","100_PERCENT","FULL","e02ee0dae0469a2ba573beaf409c0b34e8668d09","Chromium 141.0.7390.37","Development_Docs/Projects/Project_Homeport/evidence/phase6/HP-P6-EV-073-captain-library-tablet-portrait.png","02a186063d6ed360b654014cb02c2c58e76bf22b9b4ec31c5c5f8ee2d0f8a10c","ACCEPTED","NONE_AFTER_SOURCE_BOUND_VISUAL_REVIEW","NOT_REQUIRED_AFTER_CAPTURE","ACTIVE_ACCEPTED"
"HP-P6-EV-074-captain-library-narrow-mobile","screen-page-captain-library","/captain/library","Captain","READY_POPULATED","CRITICAL","homeport-phase6-v1","AUTHENTICATED_PLAYER_CAPTAIN_CREATOR","NARROW_MOBILE","320x568","100_PERCENT","FULL","e02ee0dae0469a2ba573beaf409c0b34e8668d09","Chromium 141.0.7390.37","Development_Docs/Projects/Project_Homeport/evidence/phase6/HP-P6-EV-074-captain-library-narrow-mobile.png","04a5d4f2d119937474bb9d77043dfe38fe18c6f6493847d1776c70b976fbf5eb","ACCEPTED","NONE_AFTER_SOURCE_BOUND_VISUAL_REVIEW","NOT_REQUIRED_AFTER_CAPTURE","ACTIVE_ACCEPTED"
"HP-P6-EV-075-studio-library-compact-desktop","screen-page-studio-library","/studio/library","Creator Studio","READY_POPULATED","CRITICAL","homeport-phase6-v1","AUTHENTICATED_PLAYER_CAPTAIN_CREATOR","COMPACT_DESKTOP","1280x720","100_PERCENT","FULL","e02ee0dae0469a2ba573beaf409c0b34e8668d09","Chromium 141.0.7390.37","Development_Docs/Projects/Project_Homeport/evidence/phase6/HP-P6-EV-075-studio-library-compact-desktop.png","808d09833694a18316fbbc21133bcf0bb1c1754abe9826c6372af2e48e00c32e","ACCEPTED","NONE_AFTER_SOURCE_BOUND_VISUAL_REVIEW","NOT_REQUIRED_AFTER_CAPTURE","ACTIVE_ACCEPTED"
"HP-P6-EV-076-studio-library-tablet-landscape","screen-page-studio-library","/studio/library","Creator Studio","READY_POPULATED","CRITICAL","homeport-phase6-v1","AUTHENTICATED_PLAYER_CAPTAIN_CREATOR","TABLET_LANDSCAPE","1024x768","100_PERCENT","FULL","e02ee0dae0469a2ba573beaf409c0b34e8668d09","Chromium 141.0.7390.37","Development_Docs/Projects/Project_Homeport/evidence/phase6/HP-P6-EV-076-studio-library-tablet-landscape.png","641d29b39dde532810ad89f051d07b6841c88f267de3eed928471dc4bece2920","ACCEPTED","NONE_AFTER_SOURCE_BOUND_VISUAL_REVIEW","NOT_REQUIRED_AFTER_CAPTURE","ACTIVE_ACCEPTED"
"HP-P6-EV-077-studio-library-tablet-portrait","screen-page-studio-library","/studio/library","Creator Studio","READY_POPULATED","CRITICAL","homeport-phase6-v1","AUTHENTICATED_PLAYER_CAPTAIN_CREATOR","TABLET_PORTRAIT","768x1024","100_PERCENT","FULL","e02ee0dae0469a2ba573beaf409c0b34e8668d09","Chromium 141.0.7390.37","Development_Docs/Projects/Project_Homeport/evidence/phase6/HP-P6-EV-077-studio-library-tablet-portrait.png","7fd343377efcb0ce370c1344db647ffafa85a97ada2e8663a351ebd81f01e333","ACCEPTED","NONE_AFTER_SOURCE_BOUND_VISUAL_REVIEW","NOT_REQUIRED_AFTER_CAPTURE","ACTIVE_ACCEPTED"
"HP-P6-EV-078-studio-library-narrow-mobile","screen-page-studio-library","/studio/library","Creator Studio","READY_POPULATED","CRITICAL","homeport-phase6-v1","AUTHENTICATED_PLAYER_CAPTAIN_CREATOR","NARROW_MOBILE","320x568","100_PERCENT","FULL","e02ee0dae0469a2ba573beaf409c0b34e8668d09","Chromium 141.0.7390.37","Development_Docs/Projects/Project_Homeport/evidence/phase6/HP-P6-EV-078-studio-library-narrow-mobile.png","c51e9f0828f05d6aa744157e01f04684a6e9f5debc0e444d1a4bc1df7448ed76","ACCEPTED","NONE_AFTER_SOURCE_BOUND_VISUAL_REVIEW","NOT_REQUIRED_AFTER_CAPTURE","ACTIVE_ACCEPTED"
"HP-P6-EV-079-account-compact-desktop","screen-page-account","/account","Personal Harbor","READY_POPULATED","CRITICAL","homeport-phase6-v1","AUTHENTICATED_PLAYER_CAPTAIN_CREATOR","COMPACT_DESKTOP","1280x720","100_PERCENT","FULL","e02ee0dae0469a2ba573beaf409c0b34e8668d09","Chromium 141.0.7390.37","Development_Docs/Projects/Project_Homeport/evidence/phase6/HP-P6-EV-079-account-compact-desktop.png","6c485c6d5c698ed3deaf7c8352da0c2ee3f60ce1a1694bbea4dbdab575480308","ACCEPTED","NONE_AFTER_SOURCE_BOUND_VISUAL_REVIEW","NOT_REQUIRED_AFTER_CAPTURE","ACTIVE_ACCEPTED"
"HP-P6-EV-080-account-tablet-landscape","screen-page-account","/account","Personal Harbor","READY_POPULATED","CRITICAL","homeport-phase6-v1","AUTHENTICATED_PLAYER_CAPTAIN_CREATOR","TABLET_LANDSCAPE","1024x768","100_PERCENT","FULL","e02ee0dae0469a2ba573beaf409c0b34e8668d09","Chromium 141.0.7390.37","Development_Docs/Projects/Project_Homeport/evidence/phase6/HP-P6-EV-080-account-tablet-landscape.png","876673136c9d29e2cc43e6d41c3bade837d2f8c9934cc9ddf3d74a34ce5b4816","ACCEPTED","NONE_AFTER_SOURCE_BOUND_VISUAL_REVIEW","NOT_REQUIRED_AFTER_CAPTURE","ACTIVE_ACCEPTED"
"HP-P6-EV-081-account-tablet-portrait","screen-page-account","/account","Personal Harbor","READY_POPULATED","CRITICAL","homeport-phase6-v1","AUTHENTICATED_PLAYER_CAPTAIN_CREATOR","TABLET_PORTRAIT","768x1024","100_PERCENT","FULL","e02ee0dae0469a2ba573beaf409c0b34e8668d09","Chromium 141.0.7390.37","Development_Docs/Projects/Project_Homeport/evidence/phase6/HP-P6-EV-081-account-tablet-portrait.png","012afa3e4141aa3890662a641d977766c10a68abfa8265faadd174244b12935b","ACCEPTED","NONE_AFTER_SOURCE_BOUND_VISUAL_REVIEW","NOT_REQUIRED_AFTER_CAPTURE","ACTIVE_ACCEPTED"
"HP-P6-EV-082-account-narrow-mobile","screen-page-account","/account","Personal Harbor","READY_POPULATED","CRITICAL","homeport-phase6-v1","AUTHENTICATED_PLAYER_CAPTAIN_CREATOR","NARROW_MOBILE","320x568","100_PERCENT","FULL","e02ee0dae0469a2ba573beaf409c0b34e8668d09","Chromium 141.0.7390.37","Development_Docs/Projects/Project_Homeport/evidence/phase6/HP-P6-EV-082-account-narrow-mobile.png","ebfa2dc5e040c9345a239780b12afd47e6706b2254f94b939bdf7b01de5f6090","ACCEPTED","NONE_AFTER_SOURCE_BOUND_VISUAL_REVIEW","NOT_REQUIRED_AFTER_CAPTURE","ACTIVE_ACCEPTED"
"HP-P6-EV-083-account-profile-compact-desktop","screen-page-account-profile","/account/profile","Personal Harbor","READY_POPULATED","CRITICAL","homeport-phase6-v1","AUTHENTICATED_PLAYER_CAPTAIN_CREATOR","COMPACT_DESKTOP","1280x720","100_PERCENT","FULL","e02ee0dae0469a2ba573beaf409c0b34e8668d09","Chromium 141.0.7390.37","Development_Docs/Projects/Project_Homeport/evidence/phase6/HP-P6-EV-083-account-profile-compact-desktop.png","889d298eef5a6c5f56a23d9f57273fc16740d8b64a508d08cb814789a8162d01","ACCEPTED","NONE_AFTER_SOURCE_BOUND_VISUAL_REVIEW","NOT_REQUIRED_AFTER_CAPTURE","ACTIVE_ACCEPTED"
"HP-P6-EV-084-account-profile-tablet-landscape","screen-page-account-profile","/account/profile","Personal Harbor","READY_POPULATED","CRITICAL","homeport-phase6-v1","AUTHENTICATED_PLAYER_CAPTAIN_CREATOR","TABLET_LANDSCAPE","1024x768","100_PERCENT","FULL","e02ee0dae0469a2ba573beaf409c0b34e8668d09","Chromium 141.0.7390.37","Development_Docs/Projects/Project_Homeport/evidence/phase6/HP-P6-EV-084-account-profile-tablet-landscape.png","8a855121fbd25f794ccb924798b39ad5cb865c73f7f71e1a006b857e234d97ee","ACCEPTED","NONE_AFTER_SOURCE_BOUND_VISUAL_REVIEW","NOT_REQUIRED_AFTER_CAPTURE","ACTIVE_ACCEPTED"
"HP-P6-EV-085-account-profile-tablet-portrait","screen-page-account-profile","/account/profile","Personal Harbor","READY_POPULATED","CRITICAL","homeport-phase6-v1","AUTHENTICATED_PLAYER_CAPTAIN_CREATOR","TABLET_PORTRAIT","768x1024","100_PERCENT","FULL","e02ee0dae0469a2ba573beaf409c0b34e8668d09","Chromium 141.0.7390.37","Development_Docs/Projects/Project_Homeport/evidence/phase6/HP-P6-EV-085-account-profile-tablet-portrait.png","0d92b2139c6ff42e6363b32744b9e21b4729d3a8dcaf52bebeceedef9d3f1735","ACCEPTED","NONE_AFTER_SOURCE_BOUND_VISUAL_REVIEW","NOT_REQUIRED_AFTER_CAPTURE","ACTIVE_ACCEPTED"
"HP-P6-EV-086-account-profile-narrow-mobile","screen-page-account-profile","/account/profile","Personal Harbor","READY_POPULATED","CRITICAL","homeport-phase6-v1","AUTHENTICATED_PLAYER_CAPTAIN_CREATOR","NARROW_MOBILE","320x568","100_PERCENT","FULL","e02ee0dae0469a2ba573beaf409c0b34e8668d09","Chromium 141.0.7390.37","Development_Docs/Projects/Project_Homeport/evidence/phase6/HP-P6-EV-086-account-profile-narrow-mobile.png","7718b68ebde3046e3e54b9c97b1b012686d9edbc020f8f1d0d8a937b2a69976f","ACCEPTED","NONE_AFTER_SOURCE_BOUND_VISUAL_REVIEW","NOT_REQUIRED_AFTER_CAPTURE","ACTIVE_ACCEPTED"
"HP-P6-EV-087-passport-compact-desktop","screen-page-passport","/passport","Chronicle Passport","READY_POPULATED","CRITICAL","homeport-phase6-v1","AUTHENTICATED_PLAYER_CAPTAIN_CREATOR","COMPACT_DESKTOP","1280x720","100_PERCENT","FULL","e02ee0dae0469a2ba573beaf409c0b34e8668d09","Chromium 141.0.7390.37","Development_Docs/Projects/Project_Homeport/evidence/phase6/HP-P6-EV-087-passport-compact-desktop.png","8a44a196fbfcc70379933a0fc644a946aa354e9a8849c789aa5f78b6fc1994eb","ACCEPTED","NONE_AFTER_SOURCE_BOUND_VISUAL_REVIEW","NOT_REQUIRED_AFTER_CAPTURE","ACTIVE_ACCEPTED"
"HP-P6-EV-088-passport-tablet-landscape","screen-page-passport","/passport","Chronicle Passport","READY_POPULATED","CRITICAL","homeport-phase6-v1","AUTHENTICATED_PLAYER_CAPTAIN_CREATOR","TABLET_LANDSCAPE","1024x768","100_PERCENT","FULL","e02ee0dae0469a2ba573beaf409c0b34e8668d09","Chromium 141.0.7390.37","Development_Docs/Projects/Project_Homeport/evidence/phase6/HP-P6-EV-088-passport-tablet-landscape.png","6458e12856241352257aa5af6627f151c74b07edaf5a8853b4f0f48ef8a634de","ACCEPTED","NONE_AFTER_SOURCE_BOUND_VISUAL_REVIEW","NOT_REQUIRED_AFTER_CAPTURE","ACTIVE_ACCEPTED"
"HP-P6-EV-089-passport-tablet-portrait","screen-page-passport","/passport","Chronicle Passport","READY_POPULATED","CRITICAL","homeport-phase6-v1","AUTHENTICATED_PLAYER_CAPTAIN_CREATOR","TABLET_PORTRAIT","768x1024","100_PERCENT","FULL","e02ee0dae0469a2ba573beaf409c0b34e8668d09","Chromium 141.0.7390.37","Development_Docs/Projects/Project_Homeport/evidence/phase6/HP-P6-EV-089-passport-tablet-portrait.png","0293420b186fb33277939d91865832bc79f386a9a52f8a7fbbd5fd9fbc59e51b","ACCEPTED","NONE_AFTER_SOURCE_BOUND_VISUAL_REVIEW","NOT_REQUIRED_AFTER_CAPTURE","ACTIVE_ACCEPTED"
"HP-P6-EV-090-passport-narrow-mobile","screen-page-passport","/passport","Chronicle Passport","READY_POPULATED","CRITICAL","homeport-phase6-v1","AUTHENTICATED_PLAYER_CAPTAIN_CREATOR","NARROW_MOBILE","320x568","100_PERCENT","FULL","e02ee0dae0469a2ba573beaf409c0b34e8668d09","Chromium 141.0.7390.37","Development_Docs/Projects/Project_Homeport/evidence/phase6/HP-P6-EV-090-passport-narrow-mobile.png","36ca9f801c4ed832fb6d069681a3d88d48e74a557841a0b2796b40d5c4eb89b5","ACCEPTED","NONE_AFTER_SOURCE_BOUND_VISUAL_REVIEW","NOT_REQUIRED_AFTER_CAPTURE","ACTIVE_ACCEPTED"
"HP-P6-EV-091-community-compact-desktop","screen-page-community","/community","Community Harbor","READY_POPULATED","CRITICAL","homeport-phase6-v1","ANONYMOUS","COMPACT_DESKTOP","1280x720","100_PERCENT","FULL","e02ee0dae0469a2ba573beaf409c0b34e8668d09","Chromium 141.0.7390.37","Development_Docs/Projects/Project_Homeport/evidence/phase6/HP-P6-EV-091-community-compact-desktop.png","d607088a308dccd8c45428dcf79071a3aacaad373fb40e3c77c57ceda8bdbd1a","ACCEPTED","NONE_AFTER_SOURCE_BOUND_VISUAL_REVIEW","NOT_REQUIRED_AFTER_CAPTURE","ACTIVE_ACCEPTED"
"HP-P6-EV-092-community-tablet-landscape","screen-page-community","/community","Community Harbor","READY_POPULATED","CRITICAL","homeport-phase6-v1","ANONYMOUS","TABLET_LANDSCAPE","1024x768","100_PERCENT","FULL","e02ee0dae0469a2ba573beaf409c0b34e8668d09","Chromium 141.0.7390.37","Development_Docs/Projects/Project_Homeport/evidence/phase6/HP-P6-EV-092-community-tablet-landscape.png","a565be993ab37a18b2b818a5b4ab5ba459c456be40d26f774e81f0120e29a62b","ACCEPTED","NONE_AFTER_SOURCE_BOUND_VISUAL_REVIEW","NOT_REQUIRED_AFTER_CAPTURE","ACTIVE_ACCEPTED"
"HP-P6-EV-093-community-tablet-portrait","screen-page-community","/community","Community Harbor","READY_POPULATED","CRITICAL","homeport-phase6-v1","ANONYMOUS","TABLET_PORTRAIT","768x1024","100_PERCENT","FULL","e02ee0dae0469a2ba573beaf409c0b34e8668d09","Chromium 141.0.7390.37","Development_Docs/Projects/Project_Homeport/evidence/phase6/HP-P6-EV-093-community-tablet-portrait.png","9166c30b967cb98d4a33976d5db983aa1ac09acbcdc69579d146d1885da74111","ACCEPTED","NONE_AFTER_SOURCE_BOUND_VISUAL_REVIEW","NOT_REQUIRED_AFTER_CAPTURE","ACTIVE_ACCEPTED"
"HP-P6-EV-094-community-narrow-mobile","screen-page-community","/community","Community Harbor","READY_POPULATED","CRITICAL","homeport-phase6-v1","ANONYMOUS","NARROW_MOBILE","320x568","100_PERCENT","FULL","e02ee0dae0469a2ba573beaf409c0b34e8668d09","Chromium 141.0.7390.37","Development_Docs/Projects/Project_Homeport/evidence/phase6/HP-P6-EV-094-community-narrow-mobile.png","8797b1c8be68fccd0eebf805746f416b9f38922a1a4b6fdee3a43bc4da32bafa","ACCEPTED","NONE_AFTER_SOURCE_BOUND_VISUAL_REVIEW","NOT_REQUIRED_AFTER_CAPTURE","ACTIVE_ACCEPTED"
"HP-P6-EV-095-player-playthroughs-playthroughid-compact-desktop","screen-page-player-playthroughs-playthroughid","/player/playthroughs/[playthroughId]","Player","READY_POPULATED","CRITICAL","homeport-phase6-v1","AUTHENTICATED_PLAYER_CAPTAIN_CREATOR","COMPACT_DESKTOP","1280x720","100_PERCENT","FULL","e02ee0dae0469a2ba573beaf409c0b34e8668d09","Chromium 141.0.7390.37","Development_Docs/Projects/Project_Homeport/evidence/phase6/HP-P6-EV-095-player-playthroughs-playthroughid-compact-desktop.png","9dd8df6838e583d17585294d38b5971d643c8fe1799b8763373a7fe9bf204c2b","ACCEPTED","NONE_AFTER_SOURCE_BOUND_VISUAL_REVIEW","NOT_REQUIRED_AFTER_CAPTURE","ACTIVE_ACCEPTED"
"HP-P6-EV-096-player-playthroughs-playthroughid-tablet-landscape","screen-page-player-playthroughs-playthroughid","/player/playthroughs/[playthroughId]","Player","READY_POPULATED","CRITICAL","homeport-phase6-v1","AUTHENTICATED_PLAYER_CAPTAIN_CREATOR","TABLET_LANDSCAPE","1024x768","100_PERCENT","FULL","e02ee0dae0469a2ba573beaf409c0b34e8668d09","Chromium 141.0.7390.37","Development_Docs/Projects/Project_Homeport/evidence/phase6/HP-P6-EV-096-player-playthroughs-playthroughid-tablet-landscape.png","faa29a6992de8940e6cb848843a22035b3250945af2feaf698bb75dcaf096920","ACCEPTED","NONE_AFTER_SOURCE_BOUND_VISUAL_REVIEW","NOT_REQUIRED_AFTER_CAPTURE","ACTIVE_ACCEPTED"
"HP-P6-EV-097-player-playthroughs-playthroughid-tablet-portrait","screen-page-player-playthroughs-playthroughid","/player/playthroughs/[playthroughId]","Player","READY_POPULATED","CRITICAL","homeport-phase6-v1","AUTHENTICATED_PLAYER_CAPTAIN_CREATOR","TABLET_PORTRAIT","768x1024","100_PERCENT","FULL","e02ee0dae0469a2ba573beaf409c0b34e8668d09","Chromium 141.0.7390.37","Development_Docs/Projects/Project_Homeport/evidence/phase6/HP-P6-EV-097-player-playthroughs-playthroughid-tablet-portrait.png","4aa6dc6fdf3010d7745cb226b7124da6aa50b9cb39517f14d6265b1ca4cbeeea","ACCEPTED","NONE_AFTER_SOURCE_BOUND_VISUAL_REVIEW","NOT_REQUIRED_AFTER_CAPTURE","ACTIVE_ACCEPTED"
"HP-P6-EV-098-player-playthroughs-playthroughid-narrow-mobile","screen-page-player-playthroughs-playthroughid","/player/playthroughs/[playthroughId]","Player","READY_POPULATED","CRITICAL","homeport-phase6-v1","AUTHENTICATED_PLAYER_CAPTAIN_CREATOR","NARROW_MOBILE","320x568","100_PERCENT","FULL","e02ee0dae0469a2ba573beaf409c0b34e8668d09","Chromium 141.0.7390.37","Development_Docs/Projects/Project_Homeport/evidence/phase6/HP-P6-EV-098-player-playthroughs-playthroughid-narrow-mobile.png","887996abdd956f461d2e5b5bccdf94f2a986471b6e8bf2db7803f792bef97e8b","ACCEPTED","NONE_AFTER_SOURCE_BOUND_VISUAL_REVIEW","NOT_REQUIRED_AFTER_CAPTURE","ACTIVE_ACCEPTED"
"HP-P6-EV-099-captain-sessions-sessionid-compact-desktop","screen-page-captain-sessions-sessionid","/captain/sessions/[sessionId]","Captain","READY_POPULATED","CRITICAL","homeport-phase6-v1","AUTHENTICATED_PLAYER_CAPTAIN_CREATOR","COMPACT_DESKTOP","1280x720","100_PERCENT","FULL","e02ee0dae0469a2ba573beaf409c0b34e8668d09","Chromium 141.0.7390.37","Development_Docs/Projects/Project_Homeport/evidence/phase6/HP-P6-EV-099-captain-sessions-sessionid-compact-desktop.png","73d36570c2d430e624bef32097cef4847dcf722102b6a47fcf46c48aaad0a533","ACCEPTED","NONE_AFTER_SOURCE_BOUND_VISUAL_REVIEW","NOT_REQUIRED_AFTER_CAPTURE","ACTIVE_ACCEPTED"
"HP-P6-EV-100-captain-sessions-sessionid-tablet-landscape","screen-page-captain-sessions-sessionid","/captain/sessions/[sessionId]","Captain","READY_POPULATED","CRITICAL","homeport-phase6-v1","AUTHENTICATED_PLAYER_CAPTAIN_CREATOR","TABLET_LANDSCAPE","1024x768","100_PERCENT","FULL","e02ee0dae0469a2ba573beaf409c0b34e8668d09","Chromium 141.0.7390.37","Development_Docs/Projects/Project_Homeport/evidence/phase6/HP-P6-EV-100-captain-sessions-sessionid-tablet-landscape.png","968e0b2c34779f65654de743f7c1bff04d9707b3b8db54440de6dd3c9b0d7a11","ACCEPTED","NONE_AFTER_SOURCE_BOUND_VISUAL_REVIEW","NOT_REQUIRED_AFTER_CAPTURE","ACTIVE_ACCEPTED"
"HP-P6-EV-101-captain-sessions-sessionid-tablet-portrait","screen-page-captain-sessions-sessionid","/captain/sessions/[sessionId]","Captain","READY_POPULATED","CRITICAL","homeport-phase6-v1","AUTHENTICATED_PLAYER_CAPTAIN_CREATOR","TABLET_PORTRAIT","768x1024","100_PERCENT","FULL","e02ee0dae0469a2ba573beaf409c0b34e8668d09","Chromium 141.0.7390.37","Development_Docs/Projects/Project_Homeport/evidence/phase6/HP-P6-EV-101-captain-sessions-sessionid-tablet-portrait.png","078991ee3b8acc66a1f633549520588d32c24f5353ca4a852253bd54d9d63cb5","ACCEPTED","NONE_AFTER_SOURCE_BOUND_VISUAL_REVIEW","NOT_REQUIRED_AFTER_CAPTURE","ACTIVE_ACCEPTED"
"HP-P6-EV-102-captain-sessions-sessionid-narrow-mobile","screen-page-captain-sessions-sessionid","/captain/sessions/[sessionId]","Captain","READY_POPULATED","CRITICAL","homeport-phase6-v1","AUTHENTICATED_PLAYER_CAPTAIN_CREATOR","NARROW_MOBILE","320x568","100_PERCENT","FULL","e02ee0dae0469a2ba573beaf409c0b34e8668d09","Chromium 141.0.7390.37","Development_Docs/Projects/Project_Homeport/evidence/phase6/HP-P6-EV-102-captain-sessions-sessionid-narrow-mobile.png","66d2422a5acd08013d387a643d7ef256296d9f02fdaeeca4030f25582a94b563","ACCEPTED","NONE_AFTER_SOURCE_BOUND_VISUAL_REVIEW","NOT_REQUIRED_AFTER_CAPTURE","ACTIVE_ACCEPTED"
"HP-P6-EV-103-studio-tales-taleid-compact-desktop","screen-page-studio-tales-taleid","/studio/tales/[taleId]","Creator Studio","READY_POPULATED","CRITICAL","homeport-phase6-v1","AUTHENTICATED_PLAYER_CAPTAIN_CREATOR","COMPACT_DESKTOP","1280x720","100_PERCENT","FULL","e02ee0dae0469a2ba573beaf409c0b34e8668d09","Chromium 141.0.7390.37","Development_Docs/Projects/Project_Homeport/evidence/phase6/HP-P6-EV-103-studio-tales-taleid-compact-desktop.png","1a704a20e7404a85383baff5103934e068c7261f5ff6627d4db4ea4df35c5d89","ACCEPTED","NONE_AFTER_SOURCE_BOUND_VISUAL_REVIEW","NOT_REQUIRED_AFTER_CAPTURE","ACTIVE_ACCEPTED"
"HP-P6-EV-104-studio-tales-taleid-tablet-landscape","screen-page-studio-tales-taleid","/studio/tales/[taleId]","Creator Studio","READY_POPULATED","CRITICAL","homeport-phase6-v1","AUTHENTICATED_PLAYER_CAPTAIN_CREATOR","TABLET_LANDSCAPE","1024x768","100_PERCENT","FULL","e02ee0dae0469a2ba573beaf409c0b34e8668d09","Chromium 141.0.7390.37","Development_Docs/Projects/Project_Homeport/evidence/phase6/HP-P6-EV-104-studio-tales-taleid-tablet-landscape.png","3277301bd4ef03c6385fda131e56ad83cb63204b85b5d0ebfa6d596c6c48d765","ACCEPTED","NONE_AFTER_SOURCE_BOUND_VISUAL_REVIEW","NOT_REQUIRED_AFTER_CAPTURE","ACTIVE_ACCEPTED"
"HP-P6-EV-105-studio-tales-taleid-tablet-portrait","screen-page-studio-tales-taleid","/studio/tales/[taleId]","Creator Studio","READY_POPULATED","CRITICAL","homeport-phase6-v1","AUTHENTICATED_PLAYER_CAPTAIN_CREATOR","TABLET_PORTRAIT","768x1024","100_PERCENT","FULL","e02ee0dae0469a2ba573beaf409c0b34e8668d09","Chromium 141.0.7390.37","Development_Docs/Projects/Project_Homeport/evidence/phase6/HP-P6-EV-105-studio-tales-taleid-tablet-portrait.png","8ae02c922100936b24ee64390dff67d6c97093a1018702f7bdad21d69c689a76","ACCEPTED","NONE_AFTER_SOURCE_BOUND_VISUAL_REVIEW","NOT_REQUIRED_AFTER_CAPTURE","ACTIVE_ACCEPTED"
"HP-P6-EV-106-studio-tales-taleid-narrow-mobile","screen-page-studio-tales-taleid","/studio/tales/[taleId]","Creator Studio","READY_POPULATED","CRITICAL","homeport-phase6-v1","AUTHENTICATED_PLAYER_CAPTAIN_CREATOR","NARROW_MOBILE","320x568","100_PERCENT","FULL","e02ee0dae0469a2ba573beaf409c0b34e8668d09","Chromium 141.0.7390.37","Development_Docs/Projects/Project_Homeport/evidence/phase6/HP-P6-EV-106-studio-tales-taleid-narrow-mobile.png","84176aa4108bfbba8af50be83bf8d00e5e8c1531bf36e17d2da188b9459df17f","ACCEPTED","NONE_AFTER_SOURCE_BOUND_VISUAL_REVIEW","NOT_REQUIRED_AFTER_CAPTURE","ACTIVE_ACCEPTED"
"HP-P6-EV-107-root-effective-200-percent","screen-page-root","/","Gateway and public shell","READY_POPULATED","CRITICAL","homeport-phase6-v1","ANONYMOUS","EFFECTIVE_200_PERCENT","720x450","200_PERCENT_EQUIVALENT_LAYOUT_VIEWPORT","FULL","e02ee0dae0469a2ba573beaf409c0b34e8668d09","Chromium 141.0.7390.37","Development_Docs/Projects/Project_Homeport/evidence/phase6/HP-P6-EV-107-root-effective-200-percent.png","8dd9ec8f4ffcb47639a790a90c9b3a48772981b61818793f2cfcf12b3017e8dc","ACCEPTED","NONE_AFTER_SOURCE_BOUND_VISUAL_REVIEW","NOT_REQUIRED_AFTER_CAPTURE","ACTIVE_ACCEPTED"
"HP-P6-EV-108-sign-in-effective-200-percent","screen-page-sign-in","/sign-in","Identity and session","READY_POPULATED","CRITICAL","homeport-phase6-v1","ANONYMOUS","EFFECTIVE_200_PERCENT","720x450","200_PERCENT_EQUIVALENT_LAYOUT_VIEWPORT","FULL","e02ee0dae0469a2ba573beaf409c0b34e8668d09","Chromium 141.0.7390.37","Development_Docs/Projects/Project_Homeport/evidence/phase6/HP-P6-EV-108-sign-in-effective-200-percent.png","3f57fb079149816f5d56a7e3c159c78ce052f36c0346f785a3332d4f9695657d","ACCEPTED","NONE_AFTER_SOURCE_BOUND_VISUAL_REVIEW","NOT_REQUIRED_AFTER_CAPTURE","ACTIVE_ACCEPTED"
"HP-P6-EV-109-player-library-effective-200-percent","screen-page-player-library","/player/library","Player","READY_POPULATED","CRITICAL","homeport-phase6-v1","AUTHENTICATED_PLAYER_CAPTAIN_CREATOR","EFFECTIVE_200_PERCENT","720x450","200_PERCENT_EQUIVALENT_LAYOUT_VIEWPORT","FULL","e02ee0dae0469a2ba573beaf409c0b34e8668d09","Chromium 141.0.7390.37","Development_Docs/Projects/Project_Homeport/evidence/phase6/HP-P6-EV-109-player-library-effective-200-percent.png","66f38d2fe92aa4fe871431e580bf97bb1a6dd2ce9b7cd1f875586bf10272100c","ACCEPTED","NONE_AFTER_SOURCE_BOUND_VISUAL_REVIEW","NOT_REQUIRED_AFTER_CAPTURE","ACTIVE_ACCEPTED"
"HP-P6-EV-110-captain-library-effective-200-percent","screen-page-captain-library","/captain/library","Captain","READY_POPULATED","CRITICAL","homeport-phase6-v1","AUTHENTICATED_PLAYER_CAPTAIN_CREATOR","EFFECTIVE_200_PERCENT","720x450","200_PERCENT_EQUIVALENT_LAYOUT_VIEWPORT","FULL","e02ee0dae0469a2ba573beaf409c0b34e8668d09","Chromium 141.0.7390.37","Development_Docs/Projects/Project_Homeport/evidence/phase6/HP-P6-EV-110-captain-library-effective-200-percent.png","9b091b3d770f1fb92aa6811a7e08699b6bb13e707e9af1d81f786ba4cd4492c0","ACCEPTED","NONE_AFTER_SOURCE_BOUND_VISUAL_REVIEW","NOT_REQUIRED_AFTER_CAPTURE","ACTIVE_ACCEPTED"
"HP-P6-EV-111-studio-library-effective-200-percent","screen-page-studio-library","/studio/library","Creator Studio","READY_POPULATED","CRITICAL","homeport-phase6-v1","AUTHENTICATED_PLAYER_CAPTAIN_CREATOR","EFFECTIVE_200_PERCENT","720x450","200_PERCENT_EQUIVALENT_LAYOUT_VIEWPORT","FULL","e02ee0dae0469a2ba573beaf409c0b34e8668d09","Chromium 141.0.7390.37","Development_Docs/Projects/Project_Homeport/evidence/phase6/HP-P6-EV-111-studio-library-effective-200-percent.png","e46e648b3ec3662f4c1c879b2706fe872197651252b8444529b9fb7d30cbc75e","ACCEPTED","NONE_AFTER_SOURCE_BOUND_VISUAL_REVIEW","NOT_REQUIRED_AFTER_CAPTURE","ACTIVE_ACCEPTED"
"HP-P6-EV-112-account-effective-200-percent","screen-page-account","/account","Personal Harbor","READY_POPULATED","CRITICAL","homeport-phase6-v1","AUTHENTICATED_PLAYER_CAPTAIN_CREATOR","EFFECTIVE_200_PERCENT","720x450","200_PERCENT_EQUIVALENT_LAYOUT_VIEWPORT","FULL","e02ee0dae0469a2ba573beaf409c0b34e8668d09","Chromium 141.0.7390.37","Development_Docs/Projects/Project_Homeport/evidence/phase6/HP-P6-EV-112-account-effective-200-percent.png","a75d0f0e7058e928788acfea981feb9034e45a75d7fd54e1365c4d9519256aa3","ACCEPTED","NONE_AFTER_SOURCE_BOUND_VISUAL_REVIEW","NOT_REQUIRED_AFTER_CAPTURE","ACTIVE_ACCEPTED"
"HP-P6-EV-113-account-profile-effective-200-percent","screen-page-account-profile","/account/profile","Personal Harbor","READY_POPULATED","CRITICAL","homeport-phase6-v1","AUTHENTICATED_PLAYER_CAPTAIN_CREATOR","EFFECTIVE_200_PERCENT","720x450","200_PERCENT_EQUIVALENT_LAYOUT_VIEWPORT","FULL","e02ee0dae0469a2ba573beaf409c0b34e8668d09","Chromium 141.0.7390.37","Development_Docs/Projects/Project_Homeport/evidence/phase6/HP-P6-EV-113-account-profile-effective-200-percent.png","eb87fce63cce708aa7e8dcfa3b8fdb38c89377a4c70140d3aaa79fcd72ed1cbb","ACCEPTED","NONE_AFTER_SOURCE_BOUND_VISUAL_REVIEW","NOT_REQUIRED_AFTER_CAPTURE","ACTIVE_ACCEPTED"
"HP-P6-EV-114-passport-effective-200-percent","screen-page-passport","/passport","Chronicle Passport","READY_POPULATED","CRITICAL","homeport-phase6-v1","AUTHENTICATED_PLAYER_CAPTAIN_CREATOR","EFFECTIVE_200_PERCENT","720x450","200_PERCENT_EQUIVALENT_LAYOUT_VIEWPORT","FULL","e02ee0dae0469a2ba573beaf409c0b34e8668d09","Chromium 141.0.7390.37","Development_Docs/Projects/Project_Homeport/evidence/phase6/HP-P6-EV-114-passport-effective-200-percent.png","882fe3573c6506ae3c4fccf262e27c743c60e662cc4ecfe1f055b0d7a28f966d","ACCEPTED","NONE_AFTER_SOURCE_BOUND_VISUAL_REVIEW","NOT_REQUIRED_AFTER_CAPTURE","ACTIVE_ACCEPTED"
"HP-P6-EV-115-community-effective-200-percent","screen-page-community","/community","Community Harbor","READY_POPULATED","CRITICAL","homeport-phase6-v1","ANONYMOUS","EFFECTIVE_200_PERCENT","720x450","200_PERCENT_EQUIVALENT_LAYOUT_VIEWPORT","FULL","e02ee0dae0469a2ba573beaf409c0b34e8668d09","Chromium 141.0.7390.37","Development_Docs/Projects/Project_Homeport/evidence/phase6/HP-P6-EV-115-community-effective-200-percent.png","6933cbd7a2533786b8f6439046438d6176772633df07336139b98d30b60e731b","ACCEPTED","NONE_AFTER_SOURCE_BOUND_VISUAL_REVIEW","NOT_REQUIRED_AFTER_CAPTURE","ACTIVE_ACCEPTED"
"HP-P6-EV-116-player-playthroughs-playthroughid-effective-200-percent","screen-page-player-playthroughs-playthroughid","/player/playthroughs/[playthroughId]","Player","READY_POPULATED","CRITICAL","homeport-phase6-v1","AUTHENTICATED_PLAYER_CAPTAIN_CREATOR","EFFECTIVE_200_PERCENT","720x450","200_PERCENT_EQUIVALENT_LAYOUT_VIEWPORT","FULL","e02ee0dae0469a2ba573beaf409c0b34e8668d09","Chromium 141.0.7390.37","Development_Docs/Projects/Project_Homeport/evidence/phase6/HP-P6-EV-116-player-playthroughs-playthroughid-effective-200-percent.png","1bce4574cd715ca7fa1969d00ef10a5e47c1c0e95e06b03c719e86ad4f7d0433","ACCEPTED","NONE_AFTER_SOURCE_BOUND_VISUAL_REVIEW","NOT_REQUIRED_AFTER_CAPTURE","ACTIVE_ACCEPTED"
"HP-P6-EV-117-captain-sessions-sessionid-effective-200-percent","screen-page-captain-sessions-sessionid","/captain/sessions/[sessionId]","Captain","READY_POPULATED","CRITICAL","homeport-phase6-v1","AUTHENTICATED_PLAYER_CAPTAIN_CREATOR","EFFECTIVE_200_PERCENT","720x450","200_PERCENT_EQUIVALENT_LAYOUT_VIEWPORT","FULL","e02ee0dae0469a2ba573beaf409c0b34e8668d09","Chromium 141.0.7390.37","Development_Docs/Projects/Project_Homeport/evidence/phase6/HP-P6-EV-117-captain-sessions-sessionid-effective-200-percent.png","f4a7cfaea7422bffc8950f50a2768f4b022b5a93b0d744e3f4390131e69a3871","ACCEPTED","NONE_AFTER_SOURCE_BOUND_VISUAL_REVIEW","NOT_REQUIRED_AFTER_CAPTURE","ACTIVE_ACCEPTED"
"HP-P6-EV-118-studio-tales-taleid-effective-200-percent","screen-page-studio-tales-taleid","/studio/tales/[taleId]","Creator Studio","READY_POPULATED","CRITICAL","homeport-phase6-v1","AUTHENTICATED_PLAYER_CAPTAIN_CREATOR","EFFECTIVE_200_PERCENT","720x450","200_PERCENT_EQUIVALENT_LAYOUT_VIEWPORT","FULL","e02ee0dae0469a2ba573beaf409c0b34e8668d09","Chromium 141.0.7390.37","Development_Docs/Projects/Project_Homeport/evidence/phase6/HP-P6-EV-118-studio-tales-taleid-effective-200-percent.png","0c81af2575015fa926b7850bc96d39628022bddf74ed3e06fccc173d4b758a2b","ACCEPTED","NONE_AFTER_SOURCE_BOUND_VISUAL_REVIEW","NOT_REQUIRED_AFTER_CAPTURE","ACTIVE_ACCEPTED"
"HP-P6-EV-119-captain-library-dialog","screen-page-captain-library","/captain/library","Captain","MUTATION_PENDING","CRITICAL","homeport-phase6-v1","AUTHENTICATED_PLAYER_CAPTAIN_CREATOR","STANDARD_DESKTOP","1440x900","100_PERCENT","FULL","e02ee0dae0469a2ba573beaf409c0b34e8668d09","Chromium 141.0.7390.37","Development_Docs/Projects/Project_Homeport/evidence/phase6/HP-P6-EV-119-captain-library-dialog.png","36cc2add3f05c4502f7fb8268933b2d858880960ca4ebc366d8592d8a716427e","ACCEPTED","NONE_AFTER_SOURCE_BOUND_VISUAL_REVIEW","NOT_REQUIRED_AFTER_CAPTURE","ACTIVE_ACCEPTED"
"HP-P6-EV-120-community-moderation-id-restricted","screen-page-community-moderation-id","/community/moderation/[id]","Community Harbor","PERMISSION_RESTRICTED","HIGH","homeport-phase6-v1","AUTHENTICATED_MODERATOR","STANDARD_DESKTOP","1440x900","100_PERCENT","FULL","e02ee0dae0469a2ba573beaf409c0b34e8668d09","Chromium 141.0.7390.37","Development_Docs/Projects/Project_Homeport/evidence/phase6/HP-P6-EV-120-community-moderation-id-restricted.png","90f20b8b42b447bd00b03b9236d06df7408579ab967bcc6c7d53567d970aaffe","ACCEPTED","NONE_AFTER_SOURCE_BOUND_VISUAL_REVIEW","NOT_REQUIRED_AFTER_CAPTURE","ACTIVE_ACCEPTED"
"HP-P6-EV-121-reset-password-token-invalid","screen-page-reset-password","/reset-password","Identity and session","TOKEN_INVALID","HIGH","homeport-phase6-v1","ANONYMOUS","STANDARD_DESKTOP","1440x900","100_PERCENT","FULL","e02ee0dae0469a2ba573beaf409c0b34e8668d09","Chromium 141.0.7390.37","Development_Docs/Projects/Project_Homeport/evidence/phase6/HP-P6-EV-121-reset-password-token-invalid.png","da7b8968ff33f05c0fb5661e3e944ef271433254ff44d56cebf2422eebed74bd","ACCEPTED","NONE_AFTER_SOURCE_BOUND_VISUAL_REVIEW","NOT_REQUIRED_AFTER_CAPTURE","ACTIVE_ACCEPTED"
"HP-P6-EV-122-reset-password-token-expired","screen-page-reset-password","/reset-password","Identity and session","TOKEN_EXPIRED","HIGH","homeport-phase6-v1","ANONYMOUS","STANDARD_DESKTOP","1440x900","100_PERCENT","FULL","e02ee0dae0469a2ba573beaf409c0b34e8668d09","Chromium 141.0.7390.37","Development_Docs/Projects/Project_Homeport/evidence/phase6/HP-P6-EV-122-reset-password-token-expired.png","da7b8968ff33f05c0fb5661e3e944ef271433254ff44d56cebf2422eebed74bd","ACCEPTED","NONE_AFTER_SOURCE_BOUND_VISUAL_REVIEW","NOT_REQUIRED_AFTER_CAPTURE","ACTIVE_ACCEPTED"
"HP-P6-EV-123-reset-password-token-consumed","screen-page-reset-password","/reset-password","Identity and session","TOKEN_CONSUMED","HIGH","homeport-phase6-v1","ANONYMOUS","STANDARD_DESKTOP","1440x900","100_PERCENT","FULL","e02ee0dae0469a2ba573beaf409c0b34e8668d09","Chromium 141.0.7390.37","Development_Docs/Projects/Project_Homeport/evidence/phase6/HP-P6-EV-123-reset-password-token-consumed.png","da7b8968ff33f05c0fb5661e3e944ef271433254ff44d56cebf2422eebed74bd","ACCEPTED","NONE_AFTER_SOURCE_BOUND_VISUAL_REVIEW","NOT_REQUIRED_AFTER_CAPTURE","ACTIVE_ACCEPTED"
"HP-P6-EV-124-player-invitation-token-revoked","screen-page-player-invitation","/player/invitation","Player","TOKEN_REVOKED","HIGH","homeport-phase6-v1","ANONYMOUS","MODERN_MOBILE","390x844","100_PERCENT","FULL","e02ee0dae0469a2ba573beaf409c0b34e8668d09","Chromium 141.0.7390.37","Development_Docs/Projects/Project_Homeport/evidence/phase6/HP-P6-EV-124-player-invitation-token-revoked.png","9962b7a8adb7151a414af611a81f74e1c399c81a8fe74984164c9729c3e649e3","ACCEPTED","NONE_AFTER_SOURCE_BOUND_VISUAL_REVIEW","NOT_REQUIRED_AFTER_CAPTURE","ACTIVE_ACCEPTED"
"HP-P6-EV-125-community-no-results","screen-page-community","/community","Community Harbor","NO_RESULTS","CRITICAL","homeport-phase6-v1","ANONYMOUS","STANDARD_DESKTOP","1440x900","100_PERCENT","FULL","e02ee0dae0469a2ba573beaf409c0b34e8668d09","Chromium 141.0.7390.37","Development_Docs/Projects/Project_Homeport/evidence/phase6/HP-P6-EV-125-community-no-results.png","acbcdfa3e96249088b9c3526b5f844793b0f1e034368338c7ff68b1fdd7046a1","ACCEPTED","NONE_AFTER_SOURCE_BOUND_VISUAL_REVIEW","NOT_REQUIRED_AFTER_CAPTURE","ACTIVE_ACCEPTED"
"HP-P6-EV-126-root-reduced-motion","screen-page-root","/","Gateway and public shell","READY_POPULATED","CRITICAL","homeport-phase6-v1","ANONYMOUS","STANDARD_DESKTOP","1440x900","100_PERCENT","REDUCED","e02ee0dae0469a2ba573beaf409c0b34e8668d09","Chromium 141.0.7390.37","Development_Docs/Projects/Project_Homeport/evidence/phase6/HP-P6-EV-126-root-reduced-motion.png","df2ab18106d55b12b809232961ed95ea3047b844f542fa46f5f1b60eabe435c5","ACCEPTED","NONE_AFTER_SOURCE_BOUND_VISUAL_REVIEW","NOT_REQUIRED_AFTER_CAPTURE","ACTIVE_ACCEPTED"
