requirement_id,deliverable,status,verification,boundary
P3-ARCH,Implementation design record,COMPLETE,phase3 focused tests,No Phase 4 behavior
P3-STORE,External SQLite history store,COMPLETE,create migrate integrity ingest tests,Not application Prisma
P3-IMPACT,Deterministic conservative planner,COMPLETE,focused deterministic test,Release remains comprehensive
P3-EVIDENCE,Fail-closed freshness and reuse,COMPLETE,focused negative test,Exact clean evidence only
P3-DIAGNOSE,Root cascade signatures reruns,COMPLETE,focused reconciliation test,No product fault masking
P3-SHARD,Duration shards and throttling primitives,COMPLETE,focused deterministic test,No evidence reduction
P3-RUNTIME,Journal duplicate cancel resume primitives,COMPLETE,focused lifecycle test,Detached worker follow remains implementation evidence work
P3-GOVERNANCE,Completion validator bridge,IN_PROGRESS,preparation compatibility test,Report integration pending
P3-PILOTS,Real Phase 2 receipt and focused execution pilots,IN_PROGRESS,not yet recorded,Must not fabricate evidence
P3-CLOSURE,Full validation and local completion receipt,NOT_STARTED,not run,No completion claim before all gates
